-- phpMyAdmin SQL Dump
-- version 5.2.1
-- https://www.phpmyadmin.net/
--
-- Host: 127.0.0.1
-- Generation Time: Sep 15, 2025 at 07:41 AM
-- Server version: 10.4.32-MariaDB
-- PHP Version: 8.0.30

SET SQL_MODE = "NO_AUTO_VALUE_ON_ZERO";
START TRANSACTION;
SET time_zone = "+00:00";


/*!40101 SET @OLD_CHARACTER_SET_CLIENT=@@CHARACTER_SET_CLIENT */;
/*!40101 SET @OLD_CHARACTER_SET_RESULTS=@@CHARACTER_SET_RESULTS */;
/*!40101 SET @OLD_COLLATION_CONNECTION=@@COLLATION_CONNECTION */;
/*!40101 SET NAMES utf8mb4 */;

--
-- Database: `sheetal_dairy`
--

-- --------------------------------------------------------

--
-- Table structure for table `ci_sessions`
--

CREATE TABLE `ci_sessions` (
  `session_id` varchar(40) NOT NULL DEFAULT '0',
  `ip_address` varchar(16) NOT NULL DEFAULT '0',
  `user_agent` varchar(150) NOT NULL,
  `last_activity` int(10) UNSIGNED NOT NULL DEFAULT 0,
  `user_data` text NOT NULL
) ENGINE=InnoDB DEFAULT CHARSET=utf8 COLLATE=utf8_bin;

-- --------------------------------------------------------

--
-- Table structure for table `login_attempts`
--

CREATE TABLE `login_attempts` (
  `id` int(11) NOT NULL,
  `ip_address` varchar(40) NOT NULL,
  `login` varchar(50) NOT NULL,
  `time` timestamp NOT NULL DEFAULT current_timestamp() ON UPDATE current_timestamp()
) ENGINE=InnoDB DEFAULT CHARSET=utf8 COLLATE=utf8_bin;

-- --------------------------------------------------------

--
-- Table structure for table `tbl_customer`
--

CREATE TABLE `tbl_customer` (
  `customer_id` bigint(20) NOT NULL,
  `customer_name` varchar(255) NOT NULL,
  `customer_email` varchar(255) NOT NULL,
  `customer_mobile` varchar(255) NOT NULL,
  `customer_whatsapp_number` varchar(55) NOT NULL,
  `address` text NOT NULL,
  `created_on` datetime NOT NULL,
  `created_by` bigint(20) NOT NULL,
  `modified_on` datetime NOT NULL,
  `modified_by` bigint(20) NOT NULL
) ENGINE=InnoDB DEFAULT CHARSET=utf8mb4 COLLATE=utf8mb4_general_ci;

--
-- Dumping data for table `tbl_customer`
--

INSERT INTO `tbl_customer` (`customer_id`, `customer_name`, `customer_email`, `customer_mobile`, `customer_whatsapp_number`, `address`, `created_on`, `created_by`, `modified_on`, `modified_by`) VALUES
(1, 'Nagrik Stores', 'nagrikstore@gmail.com', '9322847214', '0', 'Mulund', '2025-07-18 17:55:44', 1, '0000-00-00 00:00:00', 0),
(2, 'Uzair', 'uzaird.aipl@gmail.com', '9099890915', '6352049491', 'ADDresss one two threee', '2025-09-12 18:18:25', 1, '0000-00-00 00:00:00', 0);

-- --------------------------------------------------------

--
-- Table structure for table `tbl_damage_item`
--

CREATE TABLE `tbl_damage_item` (
  `damange_item_id` bigint(20) NOT NULL,
  `item_id` bigint(20) NOT NULL,
  `qty` decimal(10,2) NOT NULL,
  `remark` text NOT NULL
) ENGINE=InnoDB DEFAULT CHARSET=utf8mb4 COLLATE=utf8mb4_general_ci;

-- --------------------------------------------------------

--
-- Table structure for table `tbl_expense`
--

CREATE TABLE `tbl_expense` (
  `expense_id` bigint(20) NOT NULL,
  `expense_date` date NOT NULL,
  `total_expense` decimal(10,2) NOT NULL,
  `remark` text NOT NULL,
  `created_on` datetime NOT NULL,
  `modified_on` datetime NOT NULL,
  `created_by` bigint(20) NOT NULL,
  `modified_by` bigint(20) NOT NULL
) ENGINE=InnoDB DEFAULT CHARSET=utf8mb4 COLLATE=utf8mb4_general_ci;

--
-- Dumping data for table `tbl_expense`
--

INSERT INTO `tbl_expense` (`expense_id`, `expense_date`, `total_expense`, `remark`, `created_on`, `modified_on`, `created_by`, `modified_by`) VALUES
(1, '2025-07-10', 15000.00, 'asd', '2025-07-15 12:51:58', '0000-00-00 00:00:00', 1, 0);

-- --------------------------------------------------------

--
-- Table structure for table `tbl_item`
--

CREATE TABLE `tbl_item` (
  `item_id` bigint(20) NOT NULL,
  `item_code` varchar(50) NOT NULL,
  `item_name` varchar(255) NOT NULL,
  `size` varchar(55) NOT NULL,
  `selling_price` decimal(10,2) NOT NULL,
  `factor` decimal(5,3) NOT NULL,
  `reorder` int(1) DEFAULT NULL,
  `created_on` datetime NOT NULL,
  `created_by` varchar(55) NOT NULL,
  `modified_on` datetime NOT NULL,
  `modified_by` varchar(55) NOT NULL
) ENGINE=InnoDB DEFAULT CHARSET=utf8mb4 COLLATE=utf8mb4_general_ci;

--
-- Dumping data for table `tbl_item`
--

INSERT INTO `tbl_item` (`item_id`, `item_code`, `item_name`, `size`, `selling_price`, `factor`, `reorder`, `created_on`, `created_by`, `modified_on`, `modified_by`) VALUES
(1, '1', ' Sunth (સૂંઠ)', '250 GM.', 90.00, 0.250, 1, '2025-07-05 15:54:47', '1', '2025-07-19 17:57:26', '1'),
(2, '2', 'PIPRAMUL (પીપરામૂળ)', '250 GM', 190.00, 0.250, 0, '2025-07-05 15:59:26', '1', '2025-07-12 16:40:24', '1'),
(3, '3', 'GUNDAR (ગુંદર)', '500 GM', 140.00, 0.500, 0, '2025-07-05 11:31:07', '1', '2025-07-12 16:41:46', '1'),
(4, '4', 'BADAM DERASAR (બદામ દેરાસર)', '500 ગ્રામ', 180.00, 0.500, 0, '2025-07-05 11:31:07', '1', '2025-07-12 16:41:58', '1'),
(5, '5', 'BADAM KAGDI (બદામ કાગદી )', '500 GM', 380.00, 0.500, 0, '2025-07-05 11:31:07', '1', '2025-07-12 16:42:10', '1'),
(6, '6', 'HING (હિંગ)', '250 GM', 240.00, 0.250, 0, '2025-07-05 11:31:07', '1', '2025-07-12 16:42:23', '1'),
(7, '7', 'ELACHI (એલચી)', '100 GM', 400.00, 0.100, 0, '2025-07-05 11:31:07', '1', '2025-07-12 16:42:36', '1'),
(8, '8', 'LAVING (લવિંગ)', '100 GM', 110.00, 0.100, 0, '2025-07-05 11:31:07', '1', '2025-07-12 16:42:48', '1'),
(9, '9', 'TAJ (તજ)', '100 GM', 55.00, 0.100, 0, '2025-07-05 11:31:07', '1', '2025-07-12 16:43:04', '1'),
(10, '10', 'Mari (મરી)', '100 GM', 100.00, 0.100, 1, '2025-07-05 11:31:07', '1', '2025-07-19 17:54:27', '1'),
(11, '11', 'Khadi Sakar (ખડી સાકર)', '1 KG', 80.00, 1.000, 0, '2025-07-05 11:31:07', '1', '2025-07-12 16:36:50', '1'),
(12, '12', 'Gor (ગોળ (જેગરી))', '900 GM', 75.00, 0.900, 0, '2025-07-05 11:31:07', '1', '2025-07-12 16:38:04', '1'),
(13, '13', 'Gor Powder (ગોળ પાઉડર)', '900 GM', 150.00, 0.900, 0, '2025-07-05 11:31:07', '1', '2025-07-12 16:38:20', '1'),
(14, '14', 'Tea (ચા)', '500 GM', 200.00, 0.500, 0, '2025-07-05 11:31:07', '1', '2025-07-12 16:38:38', '1'),
(15, '15', 'Coffee (કોફી)', '100 GM', 140.00, 0.100, 0, '2025-07-05 11:31:07', '1', '2025-07-12 16:38:50', '1'),
(16, '16', 'Green Tea (ગ્રીન ચા)', '100 GM', 120.00, 0.100, 0, '2025-07-05 11:31:07', '1', '2025-07-12 16:39:01', '1'),
(17, '17', 'Tea Masala (ચા મસાલા)', '100 GM', 120.00, 0.100, 0, '2025-07-05 11:31:07', '1', '2025-07-12 16:39:15', '1'),
(18, '18', 'Sindhav Mithu (સિંધવ મીઠું)', '1 KG', 50.00, 1.000, 0, '2025-07-05 11:31:07', '1', '2025-07-12 16:39:27', '1'),
(19, '19', 'KESAR (કેસર)', '1 GM', 240.00, 0.001, 0, '2025-07-05 11:31:07', '1', '2025-07-12 16:41:19', '1'),
(20, '20', 'Sugar (સાકર)', '5 KG', 250.00, 5.000, 0, '2025-07-12 14:01:46', '1', '2025-07-12 16:41:36', '1'),
(21, '21', 'GOR MODAK', '1 KG', 110.00, 1.000, 0, '2025-07-12 21:23:07', '1', '0000-00-00 00:00:00', ''),
(22, '32', 'Test Item', '25', 65.00, 22.000, NULL, '2025-09-12 18:46:38', '1', '0000-00-00 00:00:00', '');

-- --------------------------------------------------------

--
-- Table structure for table `tbl_item_stock`
--

CREATE TABLE `tbl_item_stock` (
  `stock_id` bigint(20) NOT NULL,
  `item_id` bigint(20) NOT NULL,
  `total_purchase_qty_kg` decimal(10,2) NOT NULL,
  `total_sells_qty_kg` decimal(10,2) NOT NULL,
  `total_purchase_qty_pkt` decimal(10,2) NOT NULL,
  `total_sells_qty_pkt` decimal(10,2) NOT NULL
) ENGINE=InnoDB DEFAULT CHARSET=utf8mb4 COLLATE=utf8mb4_general_ci;

--
-- Dumping data for table `tbl_item_stock`
--

INSERT INTO `tbl_item_stock` (`stock_id`, `item_id`, `total_purchase_qty_kg`, `total_sells_qty_kg`, `total_purchase_qty_pkt`, `total_sells_qty_pkt`) VALUES
(1, 1, 114.00, 77.25, 456.00, 309.00),
(2, 2, 100.00, 38.25, 400.00, 153.00),
(3, 3, 150.00, 75.50, 300.00, 151.00),
(4, 4, 2.00, 59.00, 4.00, 118.00),
(5, 5, 0.00, 43.50, 0.00, 87.00),
(6, 6, 0.00, 24.50, 0.00, 98.00),
(7, 7, 15.00, 14.40, 150.00, 144.00),
(8, 8, 0.00, 9.20, 0.00, 92.00),
(9, 9, 0.00, 14.40, 0.00, 144.00),
(10, 10, 25.00, 25.20, 250.00, 252.00),
(11, 11, 0.00, 159.00, 0.00, 159.00),
(12, 12, 0.00, 101.70, 0.00, 113.00),
(13, 13, 0.00, 45.90, 0.00, 51.00),
(14, 14, 0.00, 38.50, 0.00, 77.00),
(15, 15, 0.00, 0.50, 0.00, 5.00),
(16, 16, 0.00, 1.20, 0.00, 12.00),
(17, 17, 0.00, 11.20, 0.00, 112.00),
(18, 18, 0.00, 455.00, 0.00, 455.00),
(19, 19, 0.00, 0.04, 0.00, 42.00),
(20, 20, 0.00, 50.00, 0.00, 10.00),
(21, 21, 0.00, 19.00, 0.00, 19.00);

-- --------------------------------------------------------

--
-- Table structure for table `tbl_m_role`
--

CREATE TABLE `tbl_m_role` (
  `RoleID` int(11) NOT NULL,
  `RoleName` varchar(255) NOT NULL,
  `isActive` tinyint(1) NOT NULL,
  `CreatedOn` datetime NOT NULL,
  `CreatedBy` varchar(55) NOT NULL,
  `ModifiedOn` datetime NOT NULL,
  `ModifiedBy` varchar(55) NOT NULL
) ENGINE=InnoDB DEFAULT CHARSET=utf8mb4 COLLATE=utf8mb4_general_ci;

--
-- Dumping data for table `tbl_m_role`
--

INSERT INTO `tbl_m_role` (`RoleID`, `RoleName`, `isActive`, `CreatedOn`, `CreatedBy`, `ModifiedOn`, `ModifiedBy`) VALUES
(1, 'Admin', 1, '2021-07-01 16:15:32', 'admin', '0000-00-00 00:00:00', ''),
(2, 'User', 1, '2021-07-01 16:15:39', 'admin', '0000-00-00 00:00:00', '');

-- --------------------------------------------------------

--
-- Table structure for table `tbl_order_dtl`
--

CREATE TABLE `tbl_order_dtl` (
  `order_dtl_id` bigint(20) NOT NULL,
  `order_hdr_id` bigint(20) NOT NULL,
  `item_id` bigint(20) NOT NULL,
  `qty` decimal(10,2) NOT NULL,
  `amount` decimal(10,2) NOT NULL,
  `created_on` datetime NOT NULL,
  `modified_on` datetime NOT NULL
) ENGINE=InnoDB DEFAULT CHARSET=utf8mb4 COLLATE=utf8mb4_general_ci;

--
-- Dumping data for table `tbl_order_dtl`
--

INSERT INTO `tbl_order_dtl` (`order_dtl_id`, `order_hdr_id`, `item_id`, `qty`, `amount`, `created_on`, `modified_on`) VALUES
(14, 3, 1, 2.00, 180.00, '2025-07-05 21:14:04', '2025-07-05 21:14:04'),
(15, 3, 7, 2.00, 800.00, '2025-07-05 21:14:04', '2025-07-05 21:14:04'),
(16, 3, 9, 3.00, 165.00, '2025-07-05 21:14:04', '2025-07-05 21:14:04'),
(17, 3, 10, 5.00, 500.00, '2025-07-05 21:14:04', '2025-07-05 21:14:04'),
(18, 3, 13, 1.00, 150.00, '2025-07-05 21:14:04', '2025-07-05 21:14:04'),
(19, 3, 14, 8.00, 1600.00, '2025-07-05 21:14:04', '2025-07-05 21:14:04'),
(20, 3, 18, 4.00, 200.00, '2025-07-05 21:14:04', '2025-07-05 21:14:04'),
(29, 1, 1, 3.00, 270.00, '2025-07-05 21:16:24', '2025-07-05 21:16:24'),
(30, 1, 3, 2.00, 280.00, '2025-07-05 21:16:24', '2025-07-05 21:16:24'),
(31, 1, 6, 4.00, 960.00, '2025-07-05 21:16:24', '2025-07-05 21:16:24'),
(32, 1, 7, 1.00, 400.00, '2025-07-05 21:16:24', '2025-07-05 21:16:24'),
(33, 1, 10, 2.00, 200.00, '2025-07-05 21:16:24', '2025-07-05 21:16:24'),
(34, 1, 11, 2.00, 180.00, '2025-07-05 21:16:24', '2025-07-05 21:16:24'),
(35, 1, 18, 4.00, 200.00, '2025-07-05 21:16:24', '2025-07-05 21:16:24'),
(36, 1, 8, 1.00, 110.00, '2025-07-05 21:16:24', '2025-07-05 21:16:24'),
(43, 5, 17, 1.00, 120.00, '2025-07-05 21:19:04', '2025-07-05 21:19:04'),
(44, 5, 12, 1.00, 75.00, '2025-07-05 21:19:04', '2025-07-05 21:19:04'),
(45, 5, 5, 1.00, 380.00, '2025-07-05 21:19:04', '2025-07-05 21:19:04'),
(46, 5, 1, 1.00, 90.00, '2025-07-05 21:19:04', '2025-07-05 21:19:04'),
(47, 5, 11, 1.00, 90.00, '2025-07-05 21:19:04', '2025-07-05 21:19:04'),
(48, 5, 13, 1.00, 150.00, '2025-07-05 21:19:04', '2025-07-05 21:19:04'),
(49, 6, 1, 1.00, 90.00, '2025-07-05 21:20:39', '2025-07-05 21:20:39'),
(50, 6, 2, 2.00, 380.00, '2025-07-05 21:20:39', '2025-07-05 21:20:39'),
(51, 6, 9, 5.00, 275.00, '2025-07-05 21:20:39', '2025-07-05 21:20:39'),
(52, 6, 10, 5.00, 500.00, '2025-07-05 21:20:39', '2025-07-05 21:20:39'),
(53, 7, 11, 1.00, 90.00, '2025-07-05 21:23:28', '2025-07-05 21:23:28'),
(54, 7, 17, 1.00, 120.00, '2025-07-05 21:23:28', '2025-07-05 21:23:28'),
(55, 7, 9, 2.00, 110.00, '2025-07-05 21:23:28', '2025-07-05 21:23:28'),
(56, 7, 3, 1.00, 140.00, '2025-07-05 21:23:28', '2025-07-05 21:23:28'),
(57, 8, 12, 4.00, 300.00, '2025-07-05 21:28:21', '2025-07-05 21:28:21'),
(58, 8, 11, 4.00, 360.00, '2025-07-05 21:28:21', '2025-07-05 21:28:21'),
(59, 8, 18, 2.00, 100.00, '2025-07-05 21:28:21', '2025-07-05 21:28:21'),
(60, 8, 3, 1.00, 140.00, '2025-07-05 21:28:21', '2025-07-05 21:28:21'),
(61, 8, 5, 1.00, 380.00, '2025-07-05 21:28:21', '2025-07-05 21:28:21'),
(62, 4, 3, 1.00, 140.00, '2025-07-05 21:30:56', '2025-07-05 21:30:56'),
(63, 4, 5, 1.00, 380.00, '2025-07-05 21:30:56', '2025-07-05 21:30:56'),
(64, 4, 7, 2.00, 800.00, '2025-07-05 21:30:56', '2025-07-05 21:30:56'),
(65, 4, 11, 2.00, 180.00, '2025-07-05 21:30:56', '2025-07-05 21:30:56'),
(66, 4, 12, 3.00, 225.00, '2025-07-05 21:30:56', '2025-07-05 21:30:56'),
(67, 4, 18, 3.00, 150.00, '2025-07-05 21:30:56', '2025-07-05 21:30:56'),
(68, 9, 9, 1.00, 55.00, '2025-07-05 21:32:04', '2025-07-05 21:32:04'),
(69, 9, 8, 1.00, 110.00, '2025-07-05 21:32:04', '2025-07-05 21:32:04'),
(70, 9, 10, 3.00, 300.00, '2025-07-05 21:32:04', '2025-07-05 21:32:04'),
(71, 9, 7, 1.00, 400.00, '2025-07-05 21:32:04', '2025-07-05 21:32:04'),
(72, 9, 18, 1.00, 50.00, '2025-07-05 21:32:04', '2025-07-05 21:32:04'),
(73, 9, 12, 2.00, 150.00, '2025-07-05 21:32:04', '2025-07-05 21:32:04'),
(75, 11, 1, 10.00, 900.00, '2025-07-05 21:33:48', '2025-07-05 21:33:48'),
(76, 11, 2, 1.00, 190.00, '2025-07-05 21:33:48', '2025-07-05 21:33:48'),
(77, 11, 10, 5.00, 500.00, '2025-07-05 21:33:48', '2025-07-05 21:33:48'),
(78, 11, 8, 2.00, 220.00, '2025-07-05 21:33:48', '2025-07-05 21:33:48'),
(79, 11, 9, 2.00, 110.00, '2025-07-05 21:33:48', '2025-07-05 21:33:48'),
(80, 11, 17, 5.00, 600.00, '2025-07-05 21:33:48', '2025-07-05 21:33:48'),
(81, 10, 18, 25.00, 1250.00, '2025-07-05 21:34:07', '2025-07-05 21:34:07'),
(82, 10, 4, 1.00, 180.00, '2025-07-05 21:34:07', '2025-07-05 21:34:07'),
(83, 12, 7, 2.00, 800.00, '2025-07-05 21:35:29', '2025-07-05 21:35:29'),
(84, 12, 17, 2.00, 240.00, '2025-07-05 21:35:29', '2025-07-05 21:35:29'),
(85, 12, 1, 1.00, 90.00, '2025-07-05 21:35:29', '2025-07-05 21:35:29'),
(86, 13, 11, 2.00, 180.00, '2025-07-05 21:49:02', '2025-07-05 21:49:02'),
(87, 13, 7, 4.00, 1600.00, '2025-07-05 21:49:02', '2025-07-05 21:49:02'),
(88, 14, 1, 1.00, 90.00, '2025-07-05 21:50:09', '2025-07-05 21:50:09'),
(89, 14, 17, 1.00, 120.00, '2025-07-05 21:50:09', '2025-07-05 21:50:09'),
(90, 14, 12, 1.00, 75.00, '2025-07-05 21:50:09', '2025-07-05 21:50:09'),
(91, 15, 6, 2.00, 480.00, '2025-07-05 21:51:38', '2025-07-05 21:51:38'),
(92, 15, 10, 2.00, 200.00, '2025-07-05 21:51:38', '2025-07-05 21:51:38'),
(93, 15, 3, 1.00, 140.00, '2025-07-05 21:51:38', '2025-07-05 21:51:38'),
(94, 15, 1, 2.00, 180.00, '2025-07-05 21:51:38', '2025-07-05 21:51:38'),
(95, 15, 17, 1.00, 120.00, '2025-07-05 21:51:38', '2025-07-05 21:51:38'),
(96, 2, 11, 1.00, 90.00, '2025-07-05 21:58:38', '2025-07-05 21:58:38'),
(97, 2, 18, 1.00, 50.00, '2025-07-05 21:58:38', '2025-07-05 21:58:38'),
(98, 2, 12, 1.00, 75.00, '2025-07-05 21:58:38', '2025-07-05 21:58:38'),
(99, 2, 10, 1.00, 100.00, '2025-07-05 21:58:38', '2025-07-05 21:58:38'),
(100, 2, 7, 1.00, 400.00, '2025-07-05 21:58:38', '2025-07-05 21:58:38'),
(101, 2, 14, 1.00, 200.00, '2025-07-05 21:58:38', '2025-07-05 21:58:38'),
(102, 2, 17, 1.00, 120.00, '2025-07-05 21:58:38', '2025-07-05 21:58:38'),
(103, 16, 2, 3.00, 570.00, '2025-07-05 22:01:06', '2025-07-05 22:01:06'),
(104, 16, 6, 1.00, 240.00, '2025-07-05 22:01:06', '2025-07-05 22:01:06'),
(105, 16, 10, 4.00, 400.00, '2025-07-05 22:01:06', '2025-07-05 22:01:06'),
(106, 16, 11, 1.00, 90.00, '2025-07-05 22:01:06', '2025-07-05 22:01:06'),
(107, 16, 13, 1.00, 150.00, '2025-07-05 22:01:06', '2025-07-05 22:01:06'),
(108, 16, 18, 2.00, 100.00, '2025-07-05 22:01:06', '2025-07-05 22:01:06'),
(109, 17, 9, 1.00, 55.00, '2025-07-05 22:11:01', '2025-07-05 22:11:01'),
(110, 17, 8, 1.00, 110.00, '2025-07-05 22:11:01', '2025-07-05 22:11:01'),
(111, 17, 10, 1.00, 100.00, '2025-07-05 22:11:01', '2025-07-05 22:11:01'),
(112, 17, 17, 1.00, 120.00, '2025-07-05 22:11:01', '2025-07-05 22:11:01'),
(113, 17, 18, 1.00, 50.00, '2025-07-05 22:11:01', '2025-07-05 22:11:01'),
(114, 18, 6, 20.00, 4800.00, '2025-07-05 22:22:28', '2025-07-05 22:22:28'),
(115, 19, 1, 6.00, 540.00, '2025-07-05 22:30:53', '2025-07-05 22:30:53'),
(116, 19, 2, 2.00, 380.00, '2025-07-05 22:30:53', '2025-07-05 22:30:53'),
(117, 19, 3, 5.00, 700.00, '2025-07-05 22:30:53', '2025-07-05 22:30:53'),
(118, 19, 4, 2.00, 360.00, '2025-07-05 22:30:53', '2025-07-05 22:30:53'),
(119, 19, 7, 1.00, 400.00, '2025-07-05 22:30:53', '2025-07-05 22:30:53'),
(120, 19, 9, 2.00, 110.00, '2025-07-05 22:30:53', '2025-07-05 22:30:53'),
(121, 19, 11, 1.00, 90.00, '2025-07-05 22:30:53', '2025-07-05 22:30:53'),
(122, 20, 1, 2.00, 180.00, '2025-07-06 11:27:52', '2025-07-06 11:27:52'),
(123, 20, 2, 1.00, 190.00, '2025-07-06 11:27:52', '2025-07-06 11:27:52'),
(124, 20, 5, 1.00, 380.00, '2025-07-06 11:27:52', '2025-07-06 11:27:52'),
(125, 20, 4, 1.00, 180.00, '2025-07-06 11:27:52', '2025-07-06 11:27:52'),
(126, 20, 8, 1.00, 110.00, '2025-07-06 11:27:52', '2025-07-06 11:27:52'),
(127, 20, 10, 1.00, 100.00, '2025-07-06 11:27:52', '2025-07-06 11:27:52'),
(128, 20, 11, 2.00, 180.00, '2025-07-06 11:27:52', '2025-07-06 11:27:52'),
(129, 20, 12, 7.00, 525.00, '2025-07-06 11:27:52', '2025-07-06 11:27:52'),
(130, 21, 3, 4.00, 560.00, '2025-07-06 11:31:45', '2025-07-06 11:31:45'),
(131, 21, 1, 3.00, 270.00, '2025-07-06 11:31:45', '2025-07-06 11:31:45'),
(132, 21, 2, 1.00, 190.00, '2025-07-06 11:31:45', '2025-07-06 11:31:45'),
(133, 21, 6, 1.00, 240.00, '2025-07-06 11:31:45', '2025-07-06 11:31:45'),
(134, 21, 8, 1.00, 110.00, '2025-07-06 11:31:45', '2025-07-06 11:31:45'),
(135, 21, 9, 2.00, 110.00, '2025-07-06 11:31:45', '2025-07-06 11:31:45'),
(136, 21, 10, 2.00, 200.00, '2025-07-06 11:31:45', '2025-07-06 11:31:45'),
(137, 21, 18, 3.00, 150.00, '2025-07-06 11:31:45', '2025-07-06 11:31:45'),
(138, 21, 17, 1.00, 120.00, '2025-07-06 11:31:45', '2025-07-06 11:31:45'),
(139, 22, 10, 1.00, 100.00, '2025-07-06 11:32:26', '2025-07-06 11:32:26'),
(140, 22, 7, 2.00, 800.00, '2025-07-06 11:32:26', '2025-07-06 11:32:26'),
(141, 22, 3, 3.00, 420.00, '2025-07-06 11:32:26', '2025-07-06 11:32:26'),
(142, 22, 11, 2.00, 180.00, '2025-07-06 11:32:26', '2025-07-06 11:32:26'),
(143, 22, 4, 1.00, 180.00, '2025-07-06 11:32:26', '2025-07-06 11:32:26'),
(144, 22, 18, 5.00, 250.00, '2025-07-06 11:32:26', '2025-07-06 11:32:26'),
(145, 22, 13, 2.00, 300.00, '2025-07-06 11:32:26', '2025-07-06 11:32:26'),
(146, 22, 5, 1.00, 380.00, '2025-07-06 11:32:26', '2025-07-06 11:32:26'),
(147, 23, 1, 2.00, 180.00, '2025-07-06 11:34:14', '2025-07-06 11:34:14'),
(148, 23, 2, 2.00, 380.00, '2025-07-06 11:34:14', '2025-07-06 11:34:14'),
(149, 23, 3, 1.00, 140.00, '2025-07-06 11:34:14', '2025-07-06 11:34:14'),
(150, 24, 1, 2.00, 180.00, '2025-07-06 11:35:26', '2025-07-06 11:35:26'),
(151, 24, 2, 1.00, 190.00, '2025-07-06 11:35:26', '2025-07-06 11:35:26'),
(152, 24, 3, 1.00, 140.00, '2025-07-06 11:35:26', '2025-07-06 11:35:26'),
(153, 24, 6, 1.00, 240.00, '2025-07-06 11:35:26', '2025-07-06 11:35:26'),
(154, 24, 7, 2.00, 800.00, '2025-07-06 11:35:26', '2025-07-06 11:35:26'),
(155, 24, 9, 1.00, 55.00, '2025-07-06 11:35:26', '2025-07-06 11:35:26'),
(156, 24, 10, 2.00, 200.00, '2025-07-06 11:35:26', '2025-07-06 11:35:26'),
(157, 25, 6, 1.00, 240.00, '2025-07-06 11:36:09', '2025-07-06 11:36:09'),
(158, 25, 12, 1.00, 75.00, '2025-07-06 11:36:09', '2025-07-06 11:36:09'),
(159, 25, 17, 1.00, 120.00, '2025-07-06 11:36:09', '2025-07-06 11:36:09'),
(160, 25, 18, 8.00, 400.00, '2025-07-06 11:36:09', '2025-07-06 11:36:09'),
(161, 25, 19, 1.00, 240.00, '2025-07-06 11:36:09', '2025-07-06 11:36:09'),
(162, 26, 1, 1.00, 90.00, '2025-07-06 11:36:51', '2025-07-06 11:36:51'),
(163, 26, 3, 1.00, 140.00, '2025-07-06 11:36:51', '2025-07-06 11:36:51'),
(164, 26, 2, 1.00, 190.00, '2025-07-06 11:36:51', '2025-07-06 11:36:51'),
(165, 26, 4, 4.00, 720.00, '2025-07-06 11:36:51', '2025-07-06 11:36:51'),
(166, 26, 7, 4.00, 1600.00, '2025-07-06 11:36:51', '2025-07-06 11:36:51'),
(167, 26, 11, 1.00, 90.00, '2025-07-06 11:36:51', '2025-07-06 11:36:51'),
(168, 26, 18, 5.00, 250.00, '2025-07-06 11:36:51', '2025-07-06 11:36:51'),
(169, 27, 18, 3.00, 150.00, '2025-07-06 11:41:32', '2025-07-06 11:41:32'),
(170, 27, 17, 1.00, 120.00, '2025-07-06 11:41:32', '2025-07-06 11:41:32'),
(171, 27, 12, 2.00, 150.00, '2025-07-06 11:41:32', '2025-07-06 11:41:32'),
(172, 27, 6, 1.00, 240.00, '2025-07-06 11:41:32', '2025-07-06 11:41:32'),
(173, 27, 15, 1.00, 140.00, '2025-07-06 11:41:32', '2025-07-06 11:41:32'),
(174, 27, 4, 1.00, 180.00, '2025-07-06 11:41:32', '2025-07-06 11:41:32'),
(175, 27, 10, 1.00, 100.00, '2025-07-06 11:41:32', '2025-07-06 11:41:32'),
(176, 28, 9, 4.00, 220.00, '2025-07-06 11:42:08', '2025-07-06 11:42:08'),
(177, 28, 1, 5.00, 450.00, '2025-07-06 11:42:08', '2025-07-06 11:42:08'),
(178, 28, 2, 2.00, 380.00, '2025-07-06 11:42:08', '2025-07-06 11:42:08'),
(179, 28, 10, 6.00, 600.00, '2025-07-06 11:42:08', '2025-07-06 11:42:08'),
(180, 28, 8, 3.00, 330.00, '2025-07-06 11:42:08', '2025-07-06 11:42:08'),
(181, 28, 7, 2.00, 800.00, '2025-07-06 11:42:08', '2025-07-06 11:42:08'),
(182, 28, 18, 4.00, 200.00, '2025-07-06 11:42:08', '2025-07-06 11:42:08'),
(183, 28, 4, 1.00, 180.00, '2025-07-06 11:42:08', '2025-07-06 11:42:08'),
(184, 29, 6, 1.00, 240.00, '2025-07-06 11:43:59', '2025-07-06 11:43:59'),
(185, 30, 6, 1.00, 240.00, '2025-07-06 11:45:20', '2025-07-06 11:45:20'),
(186, 30, 2, 1.00, 190.00, '2025-07-06 11:45:20', '2025-07-06 11:45:20'),
(187, 31, 17, 3.00, 360.00, '2025-07-06 11:46:06', '2025-07-06 11:46:06'),
(188, 31, 8, 3.00, 330.00, '2025-07-06 11:46:06', '2025-07-06 11:46:06'),
(189, 32, 2, 1.00, 190.00, '2025-07-06 11:46:23', '2025-07-06 11:46:23'),
(190, 32, 3, 1.00, 140.00, '2025-07-06 11:46:23', '2025-07-06 11:46:23'),
(191, 32, 18, 2.00, 100.00, '2025-07-06 11:46:23', '2025-07-06 11:46:23'),
(192, 33, 1, 2.00, 180.00, '2025-07-06 11:47:16', '2025-07-06 11:47:16'),
(193, 33, 3, 1.00, 140.00, '2025-07-06 11:47:16', '2025-07-06 11:47:16'),
(194, 33, 10, 1.00, 100.00, '2025-07-06 11:47:16', '2025-07-06 11:47:16'),
(195, 33, 11, 1.00, 90.00, '2025-07-06 11:47:16', '2025-07-06 11:47:16'),
(196, 33, 12, 1.00, 75.00, '2025-07-06 11:47:16', '2025-07-06 11:47:16'),
(197, 33, 13, 1.00, 150.00, '2025-07-06 11:47:16', '2025-07-06 11:47:16'),
(198, 34, 10, 2.00, 200.00, '2025-07-06 11:48:10', '2025-07-06 11:48:10'),
(199, 34, 14, 1.00, 200.00, '2025-07-06 11:48:10', '2025-07-06 11:48:10'),
(200, 34, 16, 1.00, 120.00, '2025-07-06 11:48:10', '2025-07-06 11:48:10'),
(201, 34, 3, 1.00, 140.00, '2025-07-06 11:48:10', '2025-07-06 11:48:10'),
(202, 35, 1, 2.00, 180.00, '2025-07-06 11:49:19', '2025-07-06 11:49:19'),
(203, 35, 2, 1.00, 190.00, '2025-07-06 11:49:19', '2025-07-06 11:49:19'),
(204, 35, 3, 1.00, 140.00, '2025-07-06 11:49:19', '2025-07-06 11:49:19'),
(205, 35, 7, 1.00, 400.00, '2025-07-06 11:49:19', '2025-07-06 11:49:19'),
(206, 35, 10, 2.00, 200.00, '2025-07-06 11:49:19', '2025-07-06 11:49:19'),
(207, 35, 11, 3.00, 270.00, '2025-07-06 11:49:19', '2025-07-06 11:49:19'),
(208, 36, 4, 1.00, 180.00, '2025-07-06 11:49:22', '2025-07-06 11:49:22'),
(209, 36, 5, 1.00, 380.00, '2025-07-06 11:49:22', '2025-07-06 11:49:22'),
(210, 36, 8, 1.00, 110.00, '2025-07-06 11:49:22', '2025-07-06 11:49:22'),
(211, 36, 9, 1.00, 55.00, '2025-07-06 11:49:22', '2025-07-06 11:49:22'),
(212, 36, 10, 1.00, 100.00, '2025-07-06 11:49:22', '2025-07-06 11:49:22'),
(213, 36, 13, 1.00, 150.00, '2025-07-06 11:49:22', '2025-07-06 11:49:22'),
(214, 36, 18, 2.00, 100.00, '2025-07-06 11:49:22', '2025-07-06 11:49:22'),
(215, 36, 1, 1.00, 90.00, '2025-07-06 11:49:22', '2025-07-06 11:49:22'),
(216, 37, 10, 5.00, 500.00, '2025-07-06 11:50:53', '2025-07-06 11:50:53'),
(217, 37, 1, 4.00, 360.00, '2025-07-06 11:50:53', '2025-07-06 11:50:53'),
(218, 37, 9, 1.00, 55.00, '2025-07-06 11:50:53', '2025-07-06 11:50:53'),
(219, 37, 2, 1.00, 190.00, '2025-07-06 11:50:53', '2025-07-06 11:50:53'),
(220, 37, 8, 1.00, 110.00, '2025-07-06 11:50:53', '2025-07-06 11:50:53'),
(221, 38, 8, 1.00, 110.00, '2025-07-06 11:51:08', '2025-07-06 11:51:08'),
(222, 38, 9, 1.00, 55.00, '2025-07-06 11:51:08', '2025-07-06 11:51:08'),
(223, 38, 10, 1.00, 100.00, '2025-07-06 11:51:08', '2025-07-06 11:51:08'),
(224, 38, 11, 1.00, 90.00, '2025-07-06 11:51:08', '2025-07-06 11:51:08'),
(225, 39, 1, 2.00, 180.00, '2025-07-06 11:51:38', '2025-07-06 11:51:38'),
(226, 39, 10, 1.00, 100.00, '2025-07-06 11:51:38', '2025-07-06 11:51:38'),
(227, 39, 8, 1.00, 110.00, '2025-07-06 11:51:38', '2025-07-06 11:51:38'),
(228, 40, 1, 4.00, 360.00, '2025-07-06 11:52:33', '2025-07-06 11:52:33'),
(229, 40, 2, 1.00, 190.00, '2025-07-06 11:52:33', '2025-07-06 11:52:33'),
(230, 41, 5, 8.00, 3040.00, '2025-07-06 11:53:00', '2025-07-06 11:53:00'),
(231, 41, 11, 1.00, 90.00, '2025-07-06 11:53:00', '2025-07-06 11:53:00'),
(232, 41, 16, 1.00, 120.00, '2025-07-06 11:53:00', '2025-07-06 11:53:00'),
(233, 41, 10, 1.00, 100.00, '2025-07-06 11:53:00', '2025-07-06 11:53:00'),
(239, 43, 18, 5.00, 250.00, '2025-07-06 11:55:08', '2025-07-06 11:55:08'),
(240, 43, 10, 1.00, 100.00, '2025-07-06 11:55:08', '2025-07-06 11:55:08'),
(241, 43, 6, 1.00, 240.00, '2025-07-06 11:55:08', '2025-07-06 11:55:08'),
(242, 42, 2, 1.00, 190.00, '2025-07-06 11:55:22', '2025-07-06 11:55:22'),
(243, 42, 6, 1.00, 240.00, '2025-07-06 11:55:22', '2025-07-06 11:55:22'),
(244, 42, 11, 1.00, 90.00, '2025-07-06 11:55:22', '2025-07-06 11:55:22'),
(245, 42, 17, 1.00, 120.00, '2025-07-06 11:55:22', '2025-07-06 11:55:22'),
(246, 42, 18, 1.00, 50.00, '2025-07-06 11:55:22', '2025-07-06 11:55:22'),
(247, 44, 1, 1.00, 90.00, '2025-07-06 11:55:39', '2025-07-06 11:55:39'),
(248, 44, 2, 1.00, 190.00, '2025-07-06 11:55:39', '2025-07-06 11:55:39'),
(249, 44, 4, 1.00, 180.00, '2025-07-06 11:55:39', '2025-07-06 11:55:39'),
(250, 44, 11, 4.00, 360.00, '2025-07-06 11:55:39', '2025-07-06 11:55:39'),
(251, 44, 18, 7.00, 350.00, '2025-07-06 11:55:39', '2025-07-06 11:55:39'),
(252, 44, 6, 2.00, 480.00, '2025-07-06 11:55:39', '2025-07-06 11:55:39'),
(253, 44, 10, 2.00, 200.00, '2025-07-06 11:55:39', '2025-07-06 11:55:39'),
(258, 46, 11, 3.00, 270.00, '2025-07-06 11:59:16', '2025-07-06 11:59:16'),
(259, 46, 17, 4.00, 480.00, '2025-07-06 11:59:16', '2025-07-06 11:59:16'),
(260, 46, 8, 2.00, 220.00, '2025-07-06 11:59:16', '2025-07-06 11:59:16'),
(261, 46, 10, 1.00, 100.00, '2025-07-06 11:59:16', '2025-07-06 11:59:16'),
(262, 46, 18, 4.00, 200.00, '2025-07-06 11:59:16', '2025-07-06 11:59:16'),
(263, 46, 14, 1.00, 200.00, '2025-07-06 11:59:16', '2025-07-06 11:59:16'),
(264, 46, 12, 2.00, 150.00, '2025-07-06 11:59:16', '2025-07-06 11:59:16'),
(265, 46, 6, 2.00, 480.00, '2025-07-06 11:59:16', '2025-07-06 11:59:16'),
(266, 47, 1, 1.00, 90.00, '2025-07-06 11:59:17', '2025-07-06 11:59:17'),
(267, 47, 8, 1.00, 110.00, '2025-07-06 11:59:17', '2025-07-06 11:59:17'),
(268, 47, 18, 4.00, 200.00, '2025-07-06 11:59:17', '2025-07-06 11:59:17'),
(269, 47, 19, 1.00, 240.00, '2025-07-06 11:59:17', '2025-07-06 11:59:17'),
(270, 47, 10, 1.00, 100.00, '2025-07-06 11:59:17', '2025-07-06 11:59:17'),
(271, 47, 14, 1.00, 200.00, '2025-07-06 11:59:17', '2025-07-06 11:59:17'),
(272, 45, 6, 1.00, 240.00, '2025-07-06 11:59:45', '2025-07-06 11:59:45'),
(273, 45, 12, 3.00, 225.00, '2025-07-06 11:59:45', '2025-07-06 11:59:45'),
(274, 45, 11, 1.00, 90.00, '2025-07-06 11:59:45', '2025-07-06 11:59:45'),
(275, 45, 4, 2.00, 360.00, '2025-07-06 11:59:45', '2025-07-06 11:59:45'),
(276, 45, 1, 2.00, 180.00, '2025-07-06 11:59:45', '2025-07-06 11:59:45'),
(277, 45, 2, 2.00, 380.00, '2025-07-06 11:59:45', '2025-07-06 11:59:45'),
(278, 48, 1, 16.00, 1440.00, '2025-07-06 12:00:38', '2025-07-06 12:00:38'),
(279, 48, 2, 4.00, 760.00, '2025-07-06 12:00:38', '2025-07-06 12:00:38'),
(280, 48, 8, 5.00, 550.00, '2025-07-06 12:00:38', '2025-07-06 12:00:38'),
(281, 48, 9, 10.00, 550.00, '2025-07-06 12:00:38', '2025-07-06 12:00:38'),
(282, 48, 16, 1.00, 120.00, '2025-07-06 12:00:38', '2025-07-06 12:00:38'),
(283, 48, 17, 1.00, 120.00, '2025-07-06 12:00:38', '2025-07-06 12:00:38'),
(284, 48, 18, 2.00, 100.00, '2025-07-06 12:00:38', '2025-07-06 12:00:38'),
(285, 49, 18, 4.00, 200.00, '2025-07-06 12:02:43', '2025-07-06 12:02:43'),
(286, 49, 7, 3.00, 1200.00, '2025-07-06 12:02:43', '2025-07-06 12:02:43'),
(287, 49, 8, 2.00, 220.00, '2025-07-06 12:02:43', '2025-07-06 12:02:43'),
(288, 49, 9, 3.00, 165.00, '2025-07-06 12:02:43', '2025-07-06 12:02:43'),
(289, 49, 11, 1.00, 90.00, '2025-07-06 12:02:43', '2025-07-06 12:02:43'),
(290, 49, 1, 2.00, 180.00, '2025-07-06 12:02:43', '2025-07-06 12:02:43'),
(291, 49, 2, 1.00, 190.00, '2025-07-06 12:02:43', '2025-07-06 12:02:43'),
(292, 50, 6, 1.00, 240.00, '2025-07-06 12:03:18', '2025-07-06 12:03:18'),
(293, 50, 3, 1.00, 140.00, '2025-07-06 12:03:18', '2025-07-06 12:03:18'),
(294, 51, 6, 1.00, 240.00, '2025-07-06 12:04:00', '2025-07-06 12:04:00'),
(295, 52, 1, 1.00, 90.00, '2025-07-06 12:04:31', '2025-07-06 12:04:31'),
(296, 52, 12, 1.00, 75.00, '2025-07-06 12:04:31', '2025-07-06 12:04:31'),
(297, 52, 5, 1.00, 380.00, '2025-07-06 12:04:31', '2025-07-06 12:04:31'),
(298, 53, 1, 4.00, 360.00, '2025-07-06 12:05:03', '2025-07-06 12:05:03'),
(299, 54, 1, 1.00, 90.00, '2025-07-06 12:06:49', '2025-07-06 12:06:49'),
(300, 54, 4, 2.00, 360.00, '2025-07-06 12:06:49', '2025-07-06 12:06:49'),
(301, 54, 5, 2.00, 760.00, '2025-07-06 12:06:49', '2025-07-06 12:06:49'),
(302, 54, 6, 1.00, 240.00, '2025-07-06 12:06:49', '2025-07-06 12:06:49'),
(303, 54, 7, 7.00, 2800.00, '2025-07-06 12:06:49', '2025-07-06 12:06:49'),
(304, 54, 10, 1.00, 100.00, '2025-07-06 12:06:49', '2025-07-06 12:06:49'),
(305, 54, 13, 2.00, 300.00, '2025-07-06 12:06:49', '2025-07-06 12:06:49'),
(306, 54, 17, 1.00, 120.00, '2025-07-06 12:06:49', '2025-07-06 12:06:49'),
(307, 54, 18, 3.00, 150.00, '2025-07-06 12:06:49', '2025-07-06 12:06:49'),
(308, 55, 1, 2.00, 180.00, '2025-07-06 12:07:51', '2025-07-06 12:07:51'),
(309, 55, 2, 2.00, 380.00, '2025-07-06 12:07:51', '2025-07-06 12:07:51'),
(310, 55, 9, 3.00, 165.00, '2025-07-06 12:07:51', '2025-07-06 12:07:51'),
(311, 55, 10, 3.00, 300.00, '2025-07-06 12:07:51', '2025-07-06 12:07:51'),
(320, 57, 1, 3.00, 270.00, '2025-07-06 12:08:36', '2025-07-06 12:08:36'),
(321, 57, 10, 3.00, 300.00, '2025-07-06 12:08:36', '2025-07-06 12:08:36'),
(322, 57, 18, 5.00, 250.00, '2025-07-06 12:08:36', '2025-07-06 12:08:36'),
(323, 56, 3, 1.00, 140.00, '2025-07-06 12:09:43', '2025-07-06 12:09:43'),
(324, 56, 7, 3.00, 1200.00, '2025-07-06 12:09:43', '2025-07-06 12:09:43'),
(325, 56, 8, 1.00, 110.00, '2025-07-06 12:09:43', '2025-07-06 12:09:43'),
(326, 56, 9, 1.00, 55.00, '2025-07-06 12:09:43', '2025-07-06 12:09:43'),
(327, 56, 10, 1.00, 100.00, '2025-07-06 12:09:43', '2025-07-06 12:09:43'),
(328, 56, 11, 2.00, 180.00, '2025-07-06 12:09:43', '2025-07-06 12:09:43'),
(329, 56, 18, 2.00, 100.00, '2025-07-06 12:09:43', '2025-07-06 12:09:43'),
(330, 56, 12, 1.00, 75.00, '2025-07-06 12:09:43', '2025-07-06 12:09:43'),
(331, 58, 3, 2.00, 280.00, '2025-07-06 12:09:58', '2025-07-06 12:09:58'),
(332, 58, 1, 1.00, 90.00, '2025-07-06 12:09:58', '2025-07-06 12:09:58'),
(333, 58, 2, 1.00, 190.00, '2025-07-06 12:09:58', '2025-07-06 12:09:58'),
(334, 58, 4, 2.00, 360.00, '2025-07-06 12:09:58', '2025-07-06 12:09:58'),
(335, 58, 11, 1.00, 90.00, '2025-07-06 12:09:58', '2025-07-06 12:09:58'),
(338, 60, 1, 3.00, 270.00, '2025-07-06 12:11:18', '2025-07-06 12:11:18'),
(339, 60, 2, 2.00, 380.00, '2025-07-06 12:11:18', '2025-07-06 12:11:18'),
(340, 60, 3, 2.00, 280.00, '2025-07-06 12:11:18', '2025-07-06 12:11:18'),
(341, 60, 10, 2.00, 200.00, '2025-07-06 12:11:18', '2025-07-06 12:11:18'),
(342, 60, 11, 2.00, 180.00, '2025-07-06 12:11:18', '2025-07-06 12:11:18'),
(343, 60, 12, 1.00, 75.00, '2025-07-06 12:11:18', '2025-07-06 12:11:18'),
(344, 60, 17, 3.00, 360.00, '2025-07-06 12:11:18', '2025-07-06 12:11:18'),
(345, 60, 19, 1.00, 240.00, '2025-07-06 12:11:18', '2025-07-06 12:11:18'),
(346, 61, 11, 1.00, 90.00, '2025-07-06 12:11:22', '2025-07-06 12:11:22'),
(347, 61, 1, 1.00, 90.00, '2025-07-06 12:11:22', '2025-07-06 12:11:22'),
(348, 61, 2, 2.00, 380.00, '2025-07-06 12:11:22', '2025-07-06 12:11:22'),
(349, 61, 4, 2.00, 360.00, '2025-07-06 12:11:22', '2025-07-06 12:11:22'),
(351, 62, 1, 1.00, 90.00, '2025-07-06 12:12:30', '2025-07-06 12:12:30'),
(352, 62, 2, 1.00, 190.00, '2025-07-06 12:12:30', '2025-07-06 12:12:30'),
(353, 62, 18, 1.00, 50.00, '2025-07-06 12:12:30', '2025-07-06 12:12:30'),
(354, 63, 1, 4.00, 360.00, '2025-07-06 12:13:03', '2025-07-06 12:13:03'),
(355, 63, 2, 4.00, 760.00, '2025-07-06 12:13:03', '2025-07-06 12:13:03'),
(356, 63, 4, 2.00, 360.00, '2025-07-06 12:13:03', '2025-07-06 12:13:03'),
(357, 63, 5, 2.00, 760.00, '2025-07-06 12:13:03', '2025-07-06 12:13:03'),
(358, 63, 7, 2.00, 800.00, '2025-07-06 12:13:03', '2025-07-06 12:13:03'),
(359, 63, 11, 2.00, 180.00, '2025-07-06 12:13:03', '2025-07-06 12:13:03'),
(360, 63, 18, 1.00, 50.00, '2025-07-06 12:13:03', '2025-07-06 12:13:03'),
(361, 63, 15, 1.00, 140.00, '2025-07-06 12:13:03', '2025-07-06 12:13:03'),
(362, 64, 7, 1.00, 400.00, '2025-07-06 12:14:05', '2025-07-06 12:14:05'),
(363, 65, 1, 2.00, 180.00, '2025-07-06 12:16:14', '2025-07-06 12:16:14'),
(364, 65, 2, 2.00, 380.00, '2025-07-06 12:16:14', '2025-07-06 12:16:14'),
(365, 65, 12, 5.00, 375.00, '2025-07-06 12:16:14', '2025-07-06 12:16:14'),
(366, 65, 17, 1.00, 120.00, '2025-07-06 12:16:14', '2025-07-06 12:16:14'),
(367, 65, 11, 1.00, 90.00, '2025-07-06 12:16:14', '2025-07-06 12:16:14'),
(368, 65, 18, 5.00, 250.00, '2025-07-06 12:16:14', '2025-07-06 12:16:14'),
(369, 65, 5, 2.00, 760.00, '2025-07-06 12:16:14', '2025-07-06 12:16:14'),
(370, 65, 19, 5.00, 1200.00, '2025-07-06 12:16:14', '2025-07-06 12:16:14'),
(371, 59, 3, 2.00, 280.00, '2025-07-06 12:16:48', '2025-07-06 12:16:48'),
(372, 59, 18, 3.00, 150.00, '2025-07-06 12:16:48', '2025-07-06 12:16:48'),
(373, 59, 2, 1.00, 190.00, '2025-07-06 12:16:48', '2025-07-06 12:16:48'),
(374, 59, 1, 1.00, 90.00, '2025-07-06 12:16:48', '2025-07-06 12:16:48'),
(375, 66, 4, 1.00, 180.00, '2025-07-06 12:20:05', '2025-07-06 12:20:05'),
(376, 66, 5, 1.00, 380.00, '2025-07-06 12:20:05', '2025-07-06 12:20:05'),
(377, 66, 18, 1.00, 50.00, '2025-07-06 12:20:05', '2025-07-06 12:20:05'),
(378, 67, 6, 1.00, 240.00, '2025-07-06 12:20:48', '2025-07-06 12:20:48'),
(379, 67, 18, 3.00, 150.00, '2025-07-06 12:20:48', '2025-07-06 12:20:48'),
(380, 67, 4, 4.00, 720.00, '2025-07-06 12:20:48', '2025-07-06 12:20:48'),
(381, 67, 14, 2.00, 400.00, '2025-07-06 12:20:48', '2025-07-06 12:20:48'),
(382, 67, 9, 1.00, 55.00, '2025-07-06 12:20:48', '2025-07-06 12:20:48'),
(383, 67, 16, 1.00, 120.00, '2025-07-06 12:20:48', '2025-07-06 12:20:48'),
(384, 68, 4, 2.00, 360.00, '2025-07-06 12:23:39', '2025-07-06 12:23:39'),
(385, 68, 11, 1.00, 90.00, '2025-07-06 12:23:39', '2025-07-06 12:23:39'),
(386, 68, 9, 1.00, 55.00, '2025-07-06 12:23:39', '2025-07-06 12:23:39'),
(387, 68, 18, 5.00, 250.00, '2025-07-06 12:23:39', '2025-07-06 12:23:39'),
(388, 69, 10, 10.00, 1000.00, '2025-07-06 12:23:47', '2025-07-06 12:23:47'),
(389, 69, 7, 5.00, 2000.00, '2025-07-06 12:23:47', '2025-07-06 12:23:47'),
(390, 69, 9, 5.00, 275.00, '2025-07-06 12:23:47', '2025-07-06 12:23:47'),
(391, 70, 10, 2.00, 200.00, '2025-07-06 12:36:20', '2025-07-06 12:36:20'),
(396, 71, 3, 2.00, 280.00, '2025-07-06 12:39:27', '2025-07-06 12:39:27'),
(397, 71, 10, 6.00, 600.00, '2025-07-06 12:39:27', '2025-07-06 12:39:27'),
(398, 71, 11, 3.00, 270.00, '2025-07-06 12:39:27', '2025-07-06 12:39:27'),
(399, 71, 9, 2.00, 110.00, '2025-07-06 12:39:27', '2025-07-06 12:39:27'),
(400, 72, 4, 2.00, 360.00, '2025-07-06 12:41:38', '2025-07-06 12:41:38'),
(401, 72, 9, 1.00, 55.00, '2025-07-06 12:41:38', '2025-07-06 12:41:38'),
(402, 72, 10, 1.00, 100.00, '2025-07-06 12:41:38', '2025-07-06 12:41:38'),
(403, 72, 17, 1.00, 120.00, '2025-07-06 12:41:38', '2025-07-06 12:41:38'),
(404, 72, 18, 2.00, 100.00, '2025-07-06 12:41:38', '2025-07-06 12:41:38'),
(412, 73, 9, 1.00, 55.00, '2025-07-12 16:36:10', '2025-07-12 16:36:10'),
(413, 73, 8, 1.00, 110.00, '2025-07-12 16:36:10', '2025-07-12 16:36:10'),
(414, 73, 7, 1.00, 400.00, '2025-07-12 16:36:10', '2025-07-12 16:36:10'),
(415, 73, 10, 1.00, 100.00, '2025-07-12 16:36:10', '2025-07-12 16:36:10'),
(416, 73, 18, 1.00, 50.00, '2025-07-12 16:36:10', '2025-07-12 16:36:10'),
(417, 73, 11, 1.00, 80.00, '2025-07-12 16:36:10', '2025-07-12 16:36:10'),
(418, 73, 19, 1.00, 240.00, '2025-07-12 16:36:10', '2025-07-12 16:36:10'),
(419, 74, 3, 4.00, 560.00, '2025-07-12 21:05:09', '2025-07-12 21:05:09'),
(420, 74, 6, 1.00, 240.00, '2025-07-12 21:05:09', '2025-07-12 21:05:09'),
(421, 74, 7, 3.00, 1200.00, '2025-07-12 21:05:09', '2025-07-12 21:05:09'),
(422, 74, 8, 3.00, 330.00, '2025-07-12 21:05:09', '2025-07-12 21:05:09'),
(423, 74, 9, 1.00, 55.00, '2025-07-12 21:05:09', '2025-07-12 21:05:09'),
(424, 74, 10, 16.00, 1600.00, '2025-07-12 21:05:09', '2025-07-12 21:05:09'),
(425, 74, 11, 1.00, 80.00, '2025-07-12 21:05:09', '2025-07-12 21:05:09'),
(426, 74, 13, 1.00, 150.00, '2025-07-12 21:05:09', '2025-07-12 21:05:09'),
(427, 74, 16, 2.00, 240.00, '2025-07-12 21:05:09', '2025-07-12 21:05:09'),
(428, 74, 18, 5.00, 250.00, '2025-07-12 21:05:09', '2025-07-12 21:05:09'),
(429, 74, 19, 1.00, 240.00, '2025-07-12 21:05:09', '2025-07-12 21:05:09'),
(430, 74, 5, 1.00, 380.00, '2025-07-12 21:05:09', '2025-07-12 21:05:09'),
(431, 75, 4, 30.00, 5400.00, '2025-07-12 21:06:52', '2025-07-12 21:06:52'),
(432, 75, 5, 2.00, 760.00, '2025-07-12 21:06:52', '2025-07-12 21:06:52'),
(433, 75, 6, 2.00, 480.00, '2025-07-12 21:06:52', '2025-07-12 21:06:52'),
(434, 75, 10, 1.00, 100.00, '2025-07-12 21:06:52', '2025-07-12 21:06:52'),
(435, 75, 11, 2.00, 160.00, '2025-07-12 21:06:52', '2025-07-12 21:06:52'),
(436, 75, 18, 15.00, 750.00, '2025-07-12 21:06:52', '2025-07-12 21:06:52'),
(437, 76, 3, 1.00, 140.00, '2025-07-12 21:07:59', '2025-07-12 21:07:59'),
(438, 76, 10, 1.00, 100.00, '2025-07-12 21:07:59', '2025-07-12 21:07:59'),
(439, 76, 17, 1.00, 120.00, '2025-07-12 21:07:59', '2025-07-12 21:07:59'),
(440, 77, 1, 2.00, 180.00, '2025-07-12 21:09:37', '2025-07-12 21:09:37'),
(441, 77, 2, 2.00, 380.00, '2025-07-12 21:09:37', '2025-07-12 21:09:37'),
(442, 77, 4, 2.00, 360.00, '2025-07-12 21:09:37', '2025-07-12 21:09:37'),
(443, 77, 18, 2.00, 100.00, '2025-07-12 21:09:37', '2025-07-12 21:09:37'),
(444, 77, 17, 10.00, 1200.00, '2025-07-12 21:09:37', '2025-07-12 21:09:37'),
(445, 77, 7, 2.00, 800.00, '2025-07-12 21:09:37', '2025-07-12 21:09:37'),
(446, 78, 18, 10.00, 500.00, '2025-07-12 21:11:05', '2025-07-12 21:11:05'),
(447, 78, 12, 2.00, 150.00, '2025-07-12 21:11:05', '2025-07-12 21:11:05'),
(448, 79, 5, 2.00, 760.00, '2025-07-12 21:12:13', '2025-07-12 21:12:13'),
(449, 79, 18, 15.00, 750.00, '2025-07-12 21:12:13', '2025-07-12 21:12:13'),
(450, 79, 12, 1.00, 75.00, '2025-07-12 21:12:13', '2025-07-12 21:12:13'),
(451, 80, 2, 1.00, 190.00, '2025-07-12 21:13:01', '2025-07-12 21:13:01'),
(452, 80, 1, 1.00, 90.00, '2025-07-12 21:13:01', '2025-07-12 21:13:01'),
(453, 80, 3, 3.00, 420.00, '2025-07-12 21:13:01', '2025-07-12 21:13:01'),
(454, 80, 17, 2.00, 240.00, '2025-07-12 21:13:01', '2025-07-12 21:13:01'),
(455, 80, 18, 5.00, 250.00, '2025-07-12 21:13:01', '2025-07-12 21:13:01'),
(456, 81, 1, 12.00, 1080.00, '2025-07-12 21:13:48', '2025-07-12 21:13:48'),
(457, 81, 3, 1.00, 140.00, '2025-07-12 21:13:48', '2025-07-12 21:13:48'),
(458, 81, 8, 1.00, 110.00, '2025-07-12 21:13:48', '2025-07-12 21:13:48'),
(459, 81, 11, 1.00, 80.00, '2025-07-12 21:13:48', '2025-07-12 21:13:48'),
(460, 81, 14, 2.00, 400.00, '2025-07-12 21:13:48', '2025-07-12 21:13:48'),
(461, 81, 17, 1.00, 120.00, '2025-07-12 21:13:48', '2025-07-12 21:13:48'),
(462, 82, 2, 2.00, 380.00, '2025-07-12 21:14:23', '2025-07-12 21:14:23'),
(463, 82, 11, 2.00, 160.00, '2025-07-12 21:14:23', '2025-07-12 21:14:23'),
(464, 82, 18, 3.00, 150.00, '2025-07-12 21:14:23', '2025-07-12 21:14:23'),
(465, 82, 1, 2.00, 180.00, '2025-07-12 21:14:23', '2025-07-12 21:14:23'),
(466, 83, 1, 2.00, 180.00, '2025-07-12 21:14:24', '2025-07-12 21:14:24'),
(467, 84, 2, 4.00, 760.00, '2025-07-12 21:15:40', '2025-07-12 21:15:40'),
(468, 84, 1, 3.00, 270.00, '2025-07-12 21:15:40', '2025-07-12 21:15:40'),
(469, 84, 10, 2.00, 200.00, '2025-07-12 21:15:40', '2025-07-12 21:15:40'),
(470, 84, 3, 7.00, 980.00, '2025-07-12 21:15:40', '2025-07-12 21:15:40'),
(471, 85, 5, 2.00, 760.00, '2025-07-12 21:15:52', '2025-07-12 21:15:52'),
(472, 85, 6, 2.00, 480.00, '2025-07-12 21:15:52', '2025-07-12 21:15:52'),
(473, 85, 10, 3.00, 300.00, '2025-07-12 21:15:52', '2025-07-12 21:15:52'),
(474, 85, 9, 1.00, 55.00, '2025-07-12 21:15:52', '2025-07-12 21:15:52'),
(475, 85, 11, 2.00, 160.00, '2025-07-12 21:15:52', '2025-07-12 21:15:52'),
(476, 85, 18, 12.00, 600.00, '2025-07-12 21:15:52', '2025-07-12 21:15:52'),
(477, 86, 7, 3.00, 1200.00, '2025-07-12 21:17:34', '2025-07-12 21:17:34'),
(478, 86, 10, 2.00, 200.00, '2025-07-12 21:17:34', '2025-07-12 21:17:34'),
(479, 86, 17, 2.00, 240.00, '2025-07-12 21:17:34', '2025-07-12 21:17:34'),
(485, 88, 1, 7.00, 630.00, '2025-07-12 21:21:19', '2025-07-12 21:21:19'),
(486, 88, 2, 2.00, 380.00, '2025-07-12 21:21:19', '2025-07-12 21:21:19'),
(487, 88, 17, 1.00, 120.00, '2025-07-12 21:21:19', '2025-07-12 21:21:19'),
(488, 88, 3, 12.00, 1680.00, '2025-07-12 21:21:19', '2025-07-12 21:21:19'),
(489, 88, 6, 3.00, 720.00, '2025-07-12 21:21:19', '2025-07-12 21:21:19'),
(490, 88, 5, 1.00, 380.00, '2025-07-12 21:21:19', '2025-07-12 21:21:19'),
(491, 88, 18, 1.00, 50.00, '2025-07-12 21:21:19', '2025-07-12 21:21:19'),
(492, 89, 11, 1.00, 80.00, '2025-07-12 21:23:20', '2025-07-12 21:23:20'),
(493, 89, 3, 2.00, 280.00, '2025-07-12 21:23:20', '2025-07-12 21:23:20'),
(494, 89, 18, 1.00, 50.00, '2025-07-12 21:23:20', '2025-07-12 21:23:20'),
(495, 89, 1, 4.00, 360.00, '2025-07-12 21:23:20', '2025-07-12 21:23:20'),
(496, 90, 12, 4.00, 300.00, '2025-07-12 21:26:40', '2025-07-12 21:26:40'),
(497, 90, 3, 1.00, 140.00, '2025-07-12 21:26:40', '2025-07-12 21:26:40'),
(498, 90, 11, 4.00, 320.00, '2025-07-12 21:26:40', '2025-07-12 21:26:40'),
(499, 90, 7, 1.00, 400.00, '2025-07-12 21:26:40', '2025-07-12 21:26:40'),
(500, 90, 10, 2.00, 200.00, '2025-07-12 21:26:40', '2025-07-12 21:26:40'),
(501, 90, 8, 2.00, 220.00, '2025-07-12 21:26:40', '2025-07-12 21:26:40'),
(502, 91, 1, 2.00, 180.00, '2025-07-12 21:27:22', '2025-07-12 21:27:22'),
(503, 91, 2, 3.00, 570.00, '2025-07-12 21:27:22', '2025-07-12 21:27:22'),
(504, 91, 4, 4.00, 720.00, '2025-07-12 21:27:22', '2025-07-12 21:27:22'),
(505, 91, 7, 6.00, 2400.00, '2025-07-12 21:27:22', '2025-07-12 21:27:22'),
(506, 91, 9, 6.00, 330.00, '2025-07-12 21:27:22', '2025-07-12 21:27:22'),
(507, 91, 10, 3.00, 300.00, '2025-07-12 21:27:22', '2025-07-12 21:27:22'),
(508, 91, 11, 5.00, 400.00, '2025-07-12 21:27:22', '2025-07-12 21:27:22'),
(509, 91, 12, 6.00, 450.00, '2025-07-12 21:27:22', '2025-07-12 21:27:22'),
(510, 91, 21, 1.00, 110.00, '2025-07-12 21:27:22', '2025-07-12 21:27:22'),
(511, 92, 11, 2.00, 160.00, '2025-07-12 21:28:24', '2025-07-12 21:28:24'),
(512, 92, 12, 3.00, 225.00, '2025-07-12 21:28:24', '2025-07-12 21:28:24'),
(513, 92, 18, 3.00, 150.00, '2025-07-12 21:28:24', '2025-07-12 21:28:24'),
(514, 93, 2, 1.00, 190.00, '2025-07-12 21:29:38', '2025-07-12 21:29:38'),
(515, 93, 9, 3.00, 165.00, '2025-07-12 21:29:38', '2025-07-12 21:29:38'),
(516, 93, 10, 4.00, 400.00, '2025-07-12 21:29:38', '2025-07-12 21:29:38'),
(517, 93, 8, 2.00, 220.00, '2025-07-12 21:29:38', '2025-07-12 21:29:38'),
(518, 93, 7, 1.00, 400.00, '2025-07-12 21:29:38', '2025-07-12 21:29:38'),
(519, 93, 4, 1.00, 180.00, '2025-07-12 21:29:38', '2025-07-12 21:29:38'),
(520, 94, 2, 2.00, 380.00, '2025-07-12 21:30:09', '2025-07-12 21:30:09'),
(521, 94, 1, 3.00, 270.00, '2025-07-12 21:30:09', '2025-07-12 21:30:09'),
(522, 94, 3, 1.00, 140.00, '2025-07-12 21:30:09', '2025-07-12 21:30:09'),
(523, 94, 10, 2.00, 200.00, '2025-07-12 21:30:09', '2025-07-12 21:30:09'),
(524, 94, 18, 4.00, 200.00, '2025-07-12 21:30:09', '2025-07-12 21:30:09'),
(525, 94, 11, 1.00, 80.00, '2025-07-12 21:30:09', '2025-07-12 21:30:09'),
(526, 94, 19, 3.00, 720.00, '2025-07-12 21:30:09', '2025-07-12 21:30:09'),
(527, 94, 7, 1.00, 400.00, '2025-07-12 21:30:09', '2025-07-12 21:30:09'),
(528, 94, 12, 2.00, 150.00, '2025-07-12 21:30:09', '2025-07-12 21:30:09'),
(529, 95, 17, 2.00, 240.00, '2025-07-12 21:30:26', '2025-07-12 21:30:26'),
(530, 95, 2, 1.00, 190.00, '2025-07-12 21:30:26', '2025-07-12 21:30:26'),
(531, 96, 1, 1.00, 90.00, '2025-07-12 21:31:14', '2025-07-12 21:31:14'),
(532, 96, 8, 1.00, 110.00, '2025-07-12 21:31:14', '2025-07-12 21:31:14'),
(533, 96, 10, 1.00, 100.00, '2025-07-12 21:31:14', '2025-07-12 21:31:14'),
(534, 97, 9, 2.00, 110.00, '2025-07-12 21:32:02', '2025-07-12 21:32:02'),
(535, 97, 10, 2.00, 200.00, '2025-07-12 21:32:02', '2025-07-12 21:32:02'),
(536, 98, 3, 2.00, 280.00, '2025-07-12 21:32:18', '2025-07-12 21:32:18'),
(537, 98, 6, 3.00, 720.00, '2025-07-12 21:32:18', '2025-07-12 21:32:18'),
(538, 98, 7, 7.00, 2800.00, '2025-07-12 21:32:18', '2025-07-12 21:32:18'),
(539, 98, 8, 2.00, 220.00, '2025-07-12 21:32:18', '2025-07-12 21:32:18'),
(540, 98, 10, 4.00, 400.00, '2025-07-12 21:32:18', '2025-07-12 21:32:18'),
(541, 98, 11, 1.00, 80.00, '2025-07-12 21:32:18', '2025-07-12 21:32:18'),
(542, 98, 14, 12.00, 2400.00, '2025-07-12 21:32:18', '2025-07-12 21:32:18'),
(543, 98, 17, 14.00, 1680.00, '2025-07-12 21:32:18', '2025-07-12 21:32:18'),
(544, 98, 19, 6.00, 1440.00, '2025-07-12 21:32:18', '2025-07-12 21:32:18'),
(545, 99, 2, 1.00, 190.00, '2025-07-12 21:33:22', '2025-07-12 21:33:22'),
(546, 99, 10, 3.00, 300.00, '2025-07-12 21:33:22', '2025-07-12 21:33:22'),
(547, 99, 17, 1.00, 120.00, '2025-07-12 21:33:22', '2025-07-12 21:33:22'),
(548, 99, 3, 2.00, 280.00, '2025-07-12 21:33:22', '2025-07-12 21:33:22'),
(549, 100, 18, 4.00, 200.00, '2025-07-12 21:33:27', '2025-07-12 21:33:27'),
(550, 101, 2, 1.00, 190.00, '2025-07-12 21:34:27', '2025-07-12 21:34:27'),
(551, 101, 11, 1.00, 80.00, '2025-07-12 21:34:27', '2025-07-12 21:34:27'),
(552, 101, 5, 4.00, 1520.00, '2025-07-12 21:34:27', '2025-07-12 21:34:27'),
(553, 102, 2, 2.00, 380.00, '2025-07-12 21:34:45', '2025-07-12 21:34:45'),
(554, 102, 7, 5.00, 2000.00, '2025-07-12 21:34:45', '2025-07-12 21:34:45'),
(555, 102, 14, 4.00, 800.00, '2025-07-12 21:34:45', '2025-07-12 21:34:45'),
(556, 102, 19, 2.00, 480.00, '2025-07-12 21:34:45', '2025-07-12 21:34:45'),
(557, 103, 3, 1.00, 140.00, '2025-07-12 21:35:47', '2025-07-12 21:35:47'),
(558, 103, 13, 5.00, 750.00, '2025-07-12 21:35:47', '2025-07-12 21:35:47'),
(559, 103, 6, 4.00, 960.00, '2025-07-12 21:35:47', '2025-07-12 21:35:47'),
(560, 103, 11, 7.00, 560.00, '2025-07-12 21:35:47', '2025-07-12 21:35:47'),
(561, 103, 18, 3.00, 150.00, '2025-07-12 21:35:47', '2025-07-12 21:35:47'),
(562, 104, 3, 1.00, 140.00, '2025-07-12 21:36:21', '2025-07-12 21:36:21'),
(563, 104, 6, 2.00, 480.00, '2025-07-12 21:36:21', '2025-07-12 21:36:21'),
(564, 104, 18, 1.00, 50.00, '2025-07-12 21:36:21', '2025-07-12 21:36:21'),
(565, 104, 1, 1.00, 90.00, '2025-07-12 21:36:21', '2025-07-12 21:36:21'),
(566, 104, 4, 1.00, 180.00, '2025-07-12 21:36:21', '2025-07-12 21:36:21'),
(567, 105, 9, 5.00, 275.00, '2025-07-12 21:36:47', '2025-07-12 21:36:47'),
(568, 87, 1, 1.00, 90.00, '2025-07-12 21:36:59', '2025-07-12 21:36:59'),
(569, 87, 2, 1.00, 190.00, '2025-07-12 21:36:59', '2025-07-12 21:36:59'),
(570, 87, 13, 1.00, 150.00, '2025-07-12 21:36:59', '2025-07-12 21:36:59'),
(571, 87, 18, 7.00, 350.00, '2025-07-12 21:36:59', '2025-07-12 21:36:59'),
(572, 87, 17, 6.00, 720.00, '2025-07-12 21:36:59', '2025-07-12 21:36:59'),
(573, 87, 21, 1.00, 110.00, '2025-07-12 21:36:59', '2025-07-12 21:36:59'),
(574, 106, 10, 3.00, 300.00, '2025-07-12 21:38:19', '2025-07-12 21:38:19'),
(575, 106, 7, 1.00, 400.00, '2025-07-12 21:38:19', '2025-07-12 21:38:19'),
(576, 106, 8, 1.00, 110.00, '2025-07-12 21:38:19', '2025-07-12 21:38:19'),
(577, 106, 4, 1.00, 180.00, '2025-07-12 21:38:19', '2025-07-12 21:38:19'),
(578, 106, 18, 1.00, 50.00, '2025-07-12 21:38:19', '2025-07-12 21:38:19'),
(579, 106, 19, 1.00, 240.00, '2025-07-12 21:38:19', '2025-07-12 21:38:19'),
(580, 107, 1, 2.00, 180.00, '2025-07-12 21:38:45', '2025-07-12 21:38:45'),
(581, 107, 2, 1.00, 190.00, '2025-07-12 21:38:45', '2025-07-12 21:38:45'),
(582, 107, 7, 1.00, 400.00, '2025-07-12 21:38:45', '2025-07-12 21:38:45'),
(583, 107, 8, 1.00, 110.00, '2025-07-12 21:38:45', '2025-07-12 21:38:45'),
(584, 107, 9, 1.00, 55.00, '2025-07-12 21:38:45', '2025-07-12 21:38:45'),
(585, 107, 10, 4.00, 400.00, '2025-07-12 21:38:45', '2025-07-12 21:38:45'),
(586, 107, 18, 2.00, 100.00, '2025-07-12 21:38:45', '2025-07-12 21:38:45'),
(587, 108, 18, 5.00, 250.00, '2025-07-12 21:39:24', '2025-07-12 21:39:24'),
(588, 108, 3, 1.00, 140.00, '2025-07-12 21:39:24', '2025-07-12 21:39:24'),
(589, 108, 6, 1.00, 240.00, '2025-07-12 21:39:24', '2025-07-12 21:39:24'),
(590, 109, 1, 4.00, 360.00, '2025-07-12 21:39:26', '2025-07-12 21:39:26'),
(591, 109, 2, 1.00, 190.00, '2025-07-12 21:39:26', '2025-07-12 21:39:26'),
(592, 109, 5, 1.00, 380.00, '2025-07-12 21:39:26', '2025-07-12 21:39:26'),
(593, 110, 1, 8.00, 720.00, '2025-07-12 21:40:40', '2025-07-12 21:40:40'),
(594, 110, 2, 2.00, 380.00, '2025-07-12 21:40:40', '2025-07-12 21:40:40'),
(595, 111, 3, 8.00, 1120.00, '2025-07-12 21:41:18', '2025-07-12 21:41:18'),
(596, 111, 1, 1.00, 90.00, '2025-07-12 21:41:18', '2025-07-12 21:41:18'),
(597, 111, 5, 1.00, 380.00, '2025-07-12 21:41:18', '2025-07-12 21:41:18'),
(598, 111, 7, 6.00, 2400.00, '2025-07-12 21:41:18', '2025-07-12 21:41:18'),
(599, 111, 11, 1.00, 80.00, '2025-07-12 21:41:18', '2025-07-12 21:41:18'),
(600, 111, 9, 2.00, 110.00, '2025-07-12 21:41:18', '2025-07-12 21:41:18'),
(601, 112, 10, 2.00, 200.00, '2025-07-12 21:42:35', '2025-07-12 21:42:35'),
(602, 112, 7, 1.00, 400.00, '2025-07-12 21:42:35', '2025-07-12 21:42:35'),
(603, 112, 2, 1.00, 190.00, '2025-07-12 21:42:35', '2025-07-12 21:42:35'),
(604, 112, 16, 2.00, 240.00, '2025-07-12 21:42:35', '2025-07-12 21:42:35'),
(605, 113, 2, 4.00, 760.00, '2025-07-12 21:43:35', '2025-07-12 21:43:35'),
(606, 113, 1, 2.00, 180.00, '2025-07-12 21:43:35', '2025-07-12 21:43:35'),
(607, 113, 12, 1.00, 75.00, '2025-07-12 21:43:35', '2025-07-12 21:43:35'),
(608, 113, 18, 2.00, 100.00, '2025-07-12 21:43:35', '2025-07-12 21:43:35'),
(609, 114, 10, 1.00, 100.00, '2025-07-12 21:43:42', '2025-07-12 21:43:42'),
(610, 114, 9, 1.00, 55.00, '2025-07-12 21:43:42', '2025-07-12 21:43:42'),
(611, 114, 1, 1.00, 90.00, '2025-07-12 21:43:42', '2025-07-12 21:43:42'),
(612, 114, 2, 1.00, 190.00, '2025-07-12 21:43:42', '2025-07-12 21:43:42'),
(613, 114, 13, 1.00, 150.00, '2025-07-12 21:43:42', '2025-07-12 21:43:42'),
(614, 115, 1, 1.00, 90.00, '2025-07-12 21:44:44', '2025-07-12 21:44:44'),
(615, 115, 2, 1.00, 190.00, '2025-07-12 21:44:44', '2025-07-12 21:44:44'),
(616, 115, 9, 1.00, 55.00, '2025-07-12 21:44:44', '2025-07-12 21:44:44'),
(617, 115, 10, 1.00, 100.00, '2025-07-12 21:44:44', '2025-07-12 21:44:44'),
(618, 115, 11, 2.00, 160.00, '2025-07-12 21:44:44', '2025-07-12 21:44:44'),
(619, 115, 17, 1.00, 120.00, '2025-07-12 21:44:44', '2025-07-12 21:44:44'),
(620, 116, 1, 2.00, 180.00, '2025-07-12 21:44:45', '2025-07-12 21:44:45'),
(621, 116, 2, 1.00, 190.00, '2025-07-12 21:44:45', '2025-07-12 21:44:45'),
(622, 116, 8, 2.00, 220.00, '2025-07-12 21:44:45', '2025-07-12 21:44:45'),
(623, 116, 7, 1.00, 400.00, '2025-07-12 21:44:45', '2025-07-12 21:44:45'),
(624, 116, 10, 1.00, 100.00, '2025-07-12 21:44:45', '2025-07-12 21:44:45'),
(625, 117, 2, 2.00, 380.00, '2025-07-12 21:45:20', '2025-07-12 21:45:20'),
(626, 118, 10, 3.00, 300.00, '2025-07-12 21:46:16', '2025-07-12 21:46:16'),
(627, 118, 1, 4.00, 360.00, '2025-07-12 21:46:16', '2025-07-12 21:46:16'),
(628, 118, 4, 1.00, 180.00, '2025-07-12 21:46:16', '2025-07-12 21:46:16'),
(629, 118, 2, 1.00, 190.00, '2025-07-12 21:46:16', '2025-07-12 21:46:16'),
(630, 119, 1, 1.00, 90.00, '2025-07-12 21:47:14', '2025-07-12 21:47:14'),
(631, 119, 4, 1.00, 180.00, '2025-07-12 21:47:14', '2025-07-12 21:47:14'),
(632, 119, 8, 1.00, 110.00, '2025-07-12 21:47:14', '2025-07-12 21:47:14'),
(633, 119, 10, 1.00, 100.00, '2025-07-12 21:47:14', '2025-07-12 21:47:14'),
(634, 119, 17, 1.00, 120.00, '2025-07-12 21:47:14', '2025-07-12 21:47:14'),
(635, 119, 14, 1.00, 200.00, '2025-07-12 21:47:14', '2025-07-12 21:47:14'),
(636, 120, 3, 1.00, 140.00, '2025-07-12 21:47:42', '2025-07-12 21:47:42'),
(637, 120, 7, 1.00, 400.00, '2025-07-12 21:47:42', '2025-07-12 21:47:42'),
(638, 120, 10, 2.00, 200.00, '2025-07-12 21:47:42', '2025-07-12 21:47:42'),
(639, 120, 18, 2.00, 100.00, '2025-07-12 21:47:42', '2025-07-12 21:47:42'),
(640, 121, 7, 1.00, 400.00, '2025-07-12 21:48:28', '2025-07-12 21:48:28'),
(641, 121, 10, 5.00, 500.00, '2025-07-12 21:48:28', '2025-07-12 21:48:28'),
(642, 121, 11, 1.00, 80.00, '2025-07-12 21:48:28', '2025-07-12 21:48:28'),
(643, 121, 13, 1.00, 150.00, '2025-07-12 21:48:28', '2025-07-12 21:48:28'),
(644, 121, 18, 1.00, 50.00, '2025-07-12 21:48:28', '2025-07-12 21:48:28'),
(645, 121, 19, 1.00, 240.00, '2025-07-12 21:48:28', '2025-07-12 21:48:28'),
(646, 122, 10, 2.00, 200.00, '2025-07-12 21:48:38', '2025-07-12 21:48:38'),
(647, 122, 11, 2.00, 160.00, '2025-07-12 21:48:38', '2025-07-12 21:48:38'),
(648, 123, 1, 1.00, 90.00, '2025-07-12 21:51:01', '2025-07-12 21:51:01'),
(649, 123, 3, 1.00, 140.00, '2025-07-12 21:51:01', '2025-07-12 21:51:01'),
(650, 123, 5, 1.00, 380.00, '2025-07-12 21:51:01', '2025-07-12 21:51:01'),
(651, 123, 4, 1.00, 180.00, '2025-07-12 21:51:01', '2025-07-12 21:51:01'),
(652, 123, 10, 2.00, 200.00, '2025-07-12 21:51:01', '2025-07-12 21:51:01'),
(653, 123, 9, 1.00, 55.00, '2025-07-12 21:51:01', '2025-07-12 21:51:01'),
(654, 123, 11, 1.00, 80.00, '2025-07-12 21:51:01', '2025-07-12 21:51:01'),
(655, 123, 18, 2.00, 100.00, '2025-07-12 21:51:01', '2025-07-12 21:51:01'),
(656, 123, 8, 1.00, 110.00, '2025-07-12 21:51:01', '2025-07-12 21:51:01'),
(657, 124, 1, 8.00, 720.00, '2025-07-12 21:51:19', '2025-07-12 21:51:19'),
(658, 124, 2, 4.00, 760.00, '2025-07-12 21:51:19', '2025-07-12 21:51:19'),
(659, 124, 4, 4.00, 720.00, '2025-07-12 21:51:19', '2025-07-12 21:51:19'),
(660, 124, 8, 1.00, 110.00, '2025-07-12 21:51:19', '2025-07-12 21:51:19'),
(661, 124, 9, 1.00, 55.00, '2025-07-12 21:51:19', '2025-07-12 21:51:19'),
(662, 124, 10, 2.00, 200.00, '2025-07-12 21:51:19', '2025-07-12 21:51:19'),
(663, 124, 19, 2.00, 480.00, '2025-07-12 21:51:19', '2025-07-12 21:51:19'),
(668, 126, 1, 2.00, 180.00, '2025-07-12 21:54:27', '2025-07-12 21:54:27'),
(669, 126, 2, 2.00, 380.00, '2025-07-12 21:54:27', '2025-07-12 21:54:27'),
(670, 126, 5, 1.00, 380.00, '2025-07-12 21:54:27', '2025-07-12 21:54:27'),
(671, 126, 7, 3.00, 1200.00, '2025-07-12 21:54:27', '2025-07-12 21:54:27'),
(672, 126, 8, 2.00, 220.00, '2025-07-12 21:54:27', '2025-07-12 21:54:27'),
(673, 126, 9, 2.00, 110.00, '2025-07-12 21:54:27', '2025-07-12 21:54:27'),
(674, 126, 10, 7.00, 700.00, '2025-07-12 21:54:27', '2025-07-12 21:54:27'),
(675, 126, 16, 1.00, 120.00, '2025-07-12 21:54:27', '2025-07-12 21:54:27'),
(676, 126, 12, 4.00, 300.00, '2025-07-12 21:54:27', '2025-07-12 21:54:27'),
(677, 126, 19, 2.00, 480.00, '2025-07-12 21:54:27', '2025-07-12 21:54:27'),
(678, 126, 17, 1.00, 120.00, '2025-07-12 21:54:27', '2025-07-12 21:54:27'),
(679, 126, 18, 4.00, 200.00, '2025-07-12 21:54:27', '2025-07-12 21:54:27'),
(680, 127, 5, 4.00, 1520.00, '2025-07-12 21:56:27', '2025-07-12 21:56:27'),
(681, 127, 1, 2.00, 180.00, '2025-07-12 21:56:27', '2025-07-12 21:56:27'),
(682, 127, 6, 1.00, 240.00, '2025-07-12 21:56:27', '2025-07-12 21:56:27'),
(683, 127, 7, 1.00, 400.00, '2025-07-12 21:56:27', '2025-07-12 21:56:27'),
(684, 127, 8, 3.00, 330.00, '2025-07-12 21:56:27', '2025-07-12 21:56:27'),
(685, 127, 9, 3.00, 165.00, '2025-07-12 21:56:27', '2025-07-12 21:56:27'),
(686, 127, 10, 3.00, 300.00, '2025-07-12 21:56:27', '2025-07-12 21:56:27'),
(687, 127, 12, 2.00, 150.00, '2025-07-12 21:56:27', '2025-07-12 21:56:27'),
(688, 127, 17, 3.00, 360.00, '2025-07-12 21:56:27', '2025-07-12 21:56:27'),
(689, 128, 7, 1.00, 400.00, '2025-07-12 21:56:41', '2025-07-12 21:56:41'),
(690, 128, 10, 1.00, 100.00, '2025-07-12 21:56:41', '2025-07-12 21:56:41'),
(691, 128, 9, 1.00, 55.00, '2025-07-12 21:56:41', '2025-07-12 21:56:41'),
(692, 128, 12, 2.00, 150.00, '2025-07-12 21:56:41', '2025-07-12 21:56:41'),
(693, 129, 3, 3.00, 420.00, '2025-07-12 21:57:27', '2025-07-12 21:57:27'),
(694, 129, 6, 4.00, 960.00, '2025-07-12 21:57:27', '2025-07-12 21:57:27'),
(695, 129, 10, 2.00, 200.00, '2025-07-12 21:57:27', '2025-07-12 21:57:27'),
(696, 125, 4, 1.00, 180.00, '2025-07-12 21:57:54', '2025-07-12 21:57:54'),
(697, 125, 19, 4.00, 960.00, '2025-07-12 21:57:54', '2025-07-12 21:57:54'),
(698, 125, 13, 1.00, 150.00, '2025-07-12 21:57:54', '2025-07-12 21:57:54'),
(699, 125, 20, 2.00, 500.00, '2025-07-12 21:57:54', '2025-07-12 21:57:54'),
(700, 130, 3, 8.00, 1120.00, '2025-07-12 21:58:48', '2025-07-12 21:58:48'),
(701, 130, 6, 2.00, 480.00, '2025-07-12 21:58:48', '2025-07-12 21:58:48'),
(702, 130, 2, 1.00, 190.00, '2025-07-12 21:58:48', '2025-07-12 21:58:48'),
(710, 131, 1, 4.00, 360.00, '2025-07-12 21:59:48', '2025-07-12 21:59:48'),
(711, 131, 2, 1.00, 190.00, '2025-07-12 21:59:48', '2025-07-12 21:59:48'),
(712, 131, 3, 1.00, 140.00, '2025-07-12 21:59:48', '2025-07-12 21:59:48'),
(713, 131, 7, 1.00, 400.00, '2025-07-12 21:59:48', '2025-07-12 21:59:48'),
(714, 131, 8, 2.00, 220.00, '2025-07-12 21:59:48', '2025-07-12 21:59:48'),
(715, 131, 10, 2.00, 200.00, '2025-07-12 21:59:48', '2025-07-12 21:59:48'),
(716, 131, 11, 1.00, 80.00, '2025-07-12 21:59:48', '2025-07-12 21:59:48'),
(717, 132, 7, 2.00, 800.00, '2025-07-12 22:06:12', '2025-07-12 22:06:12'),
(718, 132, 2, 2.00, 380.00, '2025-07-12 22:06:12', '2025-07-12 22:06:12'),
(719, 133, 13, 1.00, 150.00, '2025-07-12 22:06:38', '2025-07-12 22:06:38'),
(720, 133, 18, 2.00, 100.00, '2025-07-12 22:06:38', '2025-07-12 22:06:38'),
(721, 133, 8, 3.00, 330.00, '2025-07-12 22:06:38', '2025-07-12 22:06:38'),
(722, 134, 18, 2.00, 100.00, '2025-07-12 22:08:18', '2025-07-12 22:08:18'),
(723, 134, 17, 2.00, 240.00, '2025-07-12 22:08:18', '2025-07-12 22:08:18'),
(724, 134, 2, 1.00, 190.00, '2025-07-12 22:08:18', '2025-07-12 22:08:18'),
(725, 134, 1, 1.00, 90.00, '2025-07-12 22:08:18', '2025-07-12 22:08:18'),
(726, 134, 10, 1.00, 100.00, '2025-07-12 22:08:18', '2025-07-12 22:08:18'),
(727, 135, 9, 4.00, 220.00, '2025-07-12 22:08:45', '2025-07-12 22:08:45'),
(728, 136, 4, 1.00, 180.00, '2025-07-12 22:11:00', '2025-07-12 22:11:00'),
(729, 136, 11, 2.00, 160.00, '2025-07-12 22:11:00', '2025-07-12 22:11:00'),
(730, 136, 12, 5.00, 375.00, '2025-07-12 22:11:00', '2025-07-12 22:11:00'),
(731, 137, 1, 8.00, 720.00, '2025-07-12 22:11:21', '2025-07-12 22:11:21'),
(732, 137, 5, 2.00, 760.00, '2025-07-12 22:11:21', '2025-07-12 22:11:21'),
(733, 137, 17, 1.00, 120.00, '2025-07-12 22:11:21', '2025-07-12 22:11:21'),
(734, 137, 11, 1.00, 80.00, '2025-07-12 22:11:21', '2025-07-12 22:11:21'),
(735, 137, 12, 1.00, 75.00, '2025-07-12 22:11:21', '2025-07-12 22:11:21'),
(736, 138, 18, 6.00, 300.00, '2025-07-12 22:17:11', '2025-07-12 22:17:11'),
(737, 138, 9, 2.00, 110.00, '2025-07-12 22:17:11', '2025-07-12 22:17:11'),
(738, 138, 14, 1.00, 200.00, '2025-07-12 22:17:11', '2025-07-12 22:17:11'),
(739, 138, 12, 2.00, 150.00, '2025-07-12 22:17:11', '2025-07-12 22:17:11'),
(740, 139, 7, 1.00, 400.00, '2025-07-13 11:26:55', '2025-07-13 11:26:55'),
(741, 139, 9, 2.00, 110.00, '2025-07-13 11:26:55', '2025-07-13 11:26:55'),
(742, 139, 8, 1.00, 110.00, '2025-07-13 11:26:55', '2025-07-13 11:26:55'),
(743, 139, 10, 2.00, 200.00, '2025-07-13 11:26:55', '2025-07-13 11:26:55'),
(744, 139, 11, 1.00, 80.00, '2025-07-13 11:26:55', '2025-07-13 11:26:55'),
(745, 139, 18, 2.00, 100.00, '2025-07-13 11:26:55', '2025-07-13 11:26:55'),
(746, 139, 21, 1.00, 110.00, '2025-07-13 11:26:55', '2025-07-13 11:26:55'),
(747, 139, 17, 1.00, 120.00, '2025-07-13 11:26:55', '2025-07-13 11:26:55'),
(748, 140, 1, 1.00, 90.00, '2025-07-13 11:27:53', '2025-07-13 11:27:53'),
(749, 140, 2, 1.00, 190.00, '2025-07-13 11:27:53', '2025-07-13 11:27:53'),
(750, 140, 3, 1.00, 140.00, '2025-07-13 11:27:53', '2025-07-13 11:27:53'),
(751, 140, 4, 1.00, 180.00, '2025-07-13 11:27:53', '2025-07-13 11:27:53'),
(752, 140, 7, 1.00, 400.00, '2025-07-13 11:27:53', '2025-07-13 11:27:53'),
(753, 140, 21, 1.00, 110.00, '2025-07-13 11:27:53', '2025-07-13 11:27:53'),
(754, 141, 4, 4.00, 720.00, '2025-07-13 11:29:07', '2025-07-13 11:29:07'),
(755, 141, 21, 3.00, 330.00, '2025-07-13 11:29:07', '2025-07-13 11:29:07'),
(756, 142, 1, 8.00, 720.00, '2025-07-13 11:30:11', '2025-07-13 11:30:11'),
(757, 142, 2, 2.00, 380.00, '2025-07-13 11:30:11', '2025-07-13 11:30:11'),
(758, 142, 4, 1.00, 180.00, '2025-07-13 11:30:11', '2025-07-13 11:30:11'),
(759, 142, 9, 2.00, 110.00, '2025-07-13 11:30:11', '2025-07-13 11:30:11'),
(760, 143, 2, 2.00, 380.00, '2025-07-13 11:31:08', '2025-07-13 11:31:08'),
(761, 143, 4, 1.00, 180.00, '2025-07-13 11:31:08', '2025-07-13 11:31:08'),
(762, 143, 5, 1.00, 380.00, '2025-07-13 11:31:08', '2025-07-13 11:31:08'),
(763, 143, 11, 1.00, 80.00, '2025-07-13 11:31:08', '2025-07-13 11:31:08');
INSERT INTO `tbl_order_dtl` (`order_dtl_id`, `order_hdr_id`, `item_id`, `qty`, `amount`, `created_on`, `modified_on`) VALUES
(764, 143, 13, 1.00, 150.00, '2025-07-13 11:31:08', '2025-07-13 11:31:08'),
(765, 143, 18, 1.00, 50.00, '2025-07-13 11:31:08', '2025-07-13 11:31:08'),
(766, 143, 21, 1.00, 110.00, '2025-07-13 11:31:08', '2025-07-13 11:31:08'),
(767, 144, 1, 4.00, 360.00, '2025-07-13 11:32:51', '2025-07-13 11:32:51'),
(768, 144, 2, 4.00, 760.00, '2025-07-13 11:32:51', '2025-07-13 11:32:51'),
(769, 144, 3, 2.00, 280.00, '2025-07-13 11:32:51', '2025-07-13 11:32:51'),
(770, 144, 4, 1.00, 180.00, '2025-07-13 11:32:51', '2025-07-13 11:32:51'),
(771, 144, 13, 1.00, 150.00, '2025-07-13 11:32:51', '2025-07-13 11:32:51'),
(772, 144, 18, 1.00, 50.00, '2025-07-13 11:32:51', '2025-07-13 11:32:51'),
(773, 145, 1, 1.00, 90.00, '2025-07-13 11:34:14', '2025-07-13 11:34:14'),
(774, 145, 10, 2.00, 200.00, '2025-07-13 11:34:14', '2025-07-13 11:34:14'),
(775, 145, 7, 1.00, 400.00, '2025-07-13 11:34:14', '2025-07-13 11:34:14'),
(776, 145, 18, 6.00, 300.00, '2025-07-13 11:34:14', '2025-07-13 11:34:14'),
(777, 145, 8, 1.00, 110.00, '2025-07-13 11:34:14', '2025-07-13 11:34:14'),
(778, 146, 11, 1.00, 80.00, '2025-07-13 11:35:34', '2025-07-13 11:35:34'),
(779, 146, 12, 1.00, 75.00, '2025-07-13 11:35:34', '2025-07-13 11:35:34'),
(780, 146, 7, 1.00, 400.00, '2025-07-13 11:35:34', '2025-07-13 11:35:34'),
(781, 146, 9, 3.00, 165.00, '2025-07-13 11:35:34', '2025-07-13 11:35:34'),
(782, 147, 13, 2.00, 300.00, '2025-07-13 11:37:21', '2025-07-13 11:37:21'),
(783, 147, 12, 5.00, 375.00, '2025-07-13 11:37:21', '2025-07-13 11:37:21'),
(784, 147, 18, 3.00, 150.00, '2025-07-13 11:37:21', '2025-07-13 11:37:21'),
(785, 148, 1, 1.00, 90.00, '2025-07-13 11:38:52', '2025-07-13 11:38:52'),
(786, 148, 3, 1.00, 140.00, '2025-07-13 11:38:52', '2025-07-13 11:38:52'),
(787, 148, 11, 1.00, 80.00, '2025-07-13 11:38:52', '2025-07-13 11:38:52'),
(788, 148, 14, 1.00, 200.00, '2025-07-13 11:38:52', '2025-07-13 11:38:52'),
(789, 148, 14, 1.00, 200.00, '2025-07-13 11:38:52', '2025-07-13 11:38:52'),
(790, 148, 21, 1.00, 110.00, '2025-07-13 11:38:52', '2025-07-13 11:38:52'),
(791, 148, 20, 1.00, 250.00, '2025-07-13 11:38:52', '2025-07-13 11:38:52'),
(792, 149, 18, 25.00, 1250.00, '2025-07-13 11:39:39', '2025-07-13 11:39:39'),
(793, 150, 18, 7.00, 350.00, '2025-07-13 11:41:15', '2025-07-13 11:41:15'),
(794, 150, 6, 1.00, 240.00, '2025-07-13 11:41:15', '2025-07-13 11:41:15'),
(795, 150, 4, 1.00, 180.00, '2025-07-13 11:41:15', '2025-07-13 11:41:15'),
(796, 151, 1, 3.00, 270.00, '2025-07-13 11:42:35', '2025-07-13 11:42:35'),
(797, 151, 2, 2.00, 380.00, '2025-07-13 11:42:35', '2025-07-13 11:42:35'),
(798, 151, 3, 1.00, 140.00, '2025-07-13 11:42:35', '2025-07-13 11:42:35'),
(799, 151, 11, 2.00, 160.00, '2025-07-13 11:42:35', '2025-07-13 11:42:35'),
(800, 151, 17, 1.00, 120.00, '2025-07-13 11:42:35', '2025-07-13 11:42:35'),
(801, 151, 14, 16.00, 3200.00, '2025-07-13 11:42:35', '2025-07-13 11:42:35'),
(802, 152, 1, 2.00, 180.00, '2025-07-13 11:43:18', '2025-07-13 11:43:18'),
(803, 153, 1, 3.00, 270.00, '2025-07-13 11:43:27', '2025-07-13 11:43:27'),
(804, 153, 2, 3.00, 570.00, '2025-07-13 11:43:27', '2025-07-13 11:43:27'),
(805, 153, 3, 1.00, 140.00, '2025-07-13 11:43:27', '2025-07-13 11:43:27'),
(806, 154, 1, 2.00, 180.00, '2025-07-13 11:43:50', '2025-07-13 11:43:50'),
(807, 154, 10, 2.00, 200.00, '2025-07-13 11:43:50', '2025-07-13 11:43:50'),
(808, 154, 9, 2.00, 110.00, '2025-07-13 11:43:50', '2025-07-13 11:43:50'),
(809, 154, 8, 2.00, 220.00, '2025-07-13 11:43:50', '2025-07-13 11:43:50'),
(810, 154, 7, 2.00, 800.00, '2025-07-13 11:43:50', '2025-07-13 11:43:50'),
(811, 154, 6, 2.00, 480.00, '2025-07-13 11:43:50', '2025-07-13 11:43:50'),
(812, 154, 19, 1.00, 240.00, '2025-07-13 11:43:50', '2025-07-13 11:43:50'),
(813, 154, 17, 2.00, 240.00, '2025-07-13 11:43:50', '2025-07-13 11:43:50'),
(814, 154, 3, 1.00, 140.00, '2025-07-13 11:43:50', '2025-07-13 11:43:50'),
(815, 155, 6, 1.00, 240.00, '2025-07-13 11:44:16', '2025-07-13 11:44:16'),
(816, 155, 12, 1.00, 75.00, '2025-07-13 11:44:16', '2025-07-13 11:44:16'),
(817, 156, 11, 2.00, 160.00, '2025-07-13 11:44:39', '2025-07-13 11:44:39'),
(818, 156, 4, 1.00, 180.00, '2025-07-13 11:44:39', '2025-07-13 11:44:39'),
(827, 158, 9, 4.00, 220.00, '2025-07-13 11:45:45', '2025-07-13 11:45:45'),
(828, 158, 8, 1.00, 110.00, '2025-07-13 11:45:45', '2025-07-13 11:45:45'),
(829, 158, 1, 1.00, 90.00, '2025-07-13 11:45:45', '2025-07-13 11:45:45'),
(830, 158, 7, 1.00, 400.00, '2025-07-13 11:45:45', '2025-07-13 11:45:45'),
(831, 158, 11, 1.00, 80.00, '2025-07-13 11:45:45', '2025-07-13 11:45:45'),
(832, 159, 3, 3.00, 420.00, '2025-07-13 11:45:45', '2025-07-13 11:45:45'),
(833, 159, 1, 1.00, 90.00, '2025-07-13 11:45:45', '2025-07-13 11:45:45'),
(834, 159, 4, 1.00, 180.00, '2025-07-13 11:45:45', '2025-07-13 11:45:45'),
(835, 159, 21, 1.00, 110.00, '2025-07-13 11:45:45', '2025-07-13 11:45:45'),
(836, 159, 10, 1.00, 100.00, '2025-07-13 11:45:45', '2025-07-13 11:45:45'),
(837, 160, 14, 2.00, 400.00, '2025-07-13 11:46:43', '2025-07-13 11:46:43'),
(838, 160, 3, 1.00, 140.00, '2025-07-13 11:46:43', '2025-07-13 11:46:43'),
(839, 161, 3, 2.00, 280.00, '2025-07-13 11:46:49', '2025-07-13 11:46:49'),
(840, 161, 2, 1.00, 190.00, '2025-07-13 11:46:49', '2025-07-13 11:46:49'),
(841, 161, 18, 3.00, 150.00, '2025-07-13 11:46:49', '2025-07-13 11:46:49'),
(842, 162, 1, 2.00, 180.00, '2025-07-13 11:47:35', '2025-07-13 11:47:35'),
(843, 162, 2, 2.00, 380.00, '2025-07-13 11:47:35', '2025-07-13 11:47:35'),
(844, 162, 5, 1.00, 380.00, '2025-07-13 11:47:35', '2025-07-13 11:47:35'),
(845, 162, 18, 15.00, 750.00, '2025-07-13 11:47:35', '2025-07-13 11:47:35'),
(846, 162, 11, 2.00, 160.00, '2025-07-13 11:47:35', '2025-07-13 11:47:35'),
(847, 163, 1, 1.00, 90.00, '2025-07-13 11:47:38', '2025-07-13 11:47:38'),
(848, 163, 2, 1.00, 190.00, '2025-07-13 11:47:38', '2025-07-13 11:47:38'),
(849, 163, 6, 1.00, 240.00, '2025-07-13 11:47:38', '2025-07-13 11:47:38'),
(850, 164, 3, 2.00, 280.00, '2025-07-13 11:47:41', '2025-07-13 11:47:41'),
(851, 164, 4, 1.00, 180.00, '2025-07-13 11:47:41', '2025-07-13 11:47:41'),
(852, 165, 12, 15.00, 1125.00, '2025-07-13 11:48:19', '2025-07-13 11:48:19'),
(853, 157, 1, 5.00, 450.00, '2025-07-13 11:48:46', '2025-07-13 11:48:46'),
(854, 157, 8, 1.00, 110.00, '2025-07-13 11:48:46', '2025-07-13 11:48:46'),
(855, 157, 10, 8.00, 800.00, '2025-07-13 11:48:46', '2025-07-13 11:48:46'),
(856, 157, 9, 2.00, 110.00, '2025-07-13 11:48:46', '2025-07-13 11:48:46'),
(857, 157, 3, 1.00, 140.00, '2025-07-13 11:48:46', '2025-07-13 11:48:46'),
(858, 157, 2, 3.00, 570.00, '2025-07-13 11:48:46', '2025-07-13 11:48:46'),
(859, 157, 4, 2.00, 360.00, '2025-07-13 11:48:46', '2025-07-13 11:48:46'),
(860, 157, 7, 4.00, 1600.00, '2025-07-13 11:48:46', '2025-07-13 11:48:46'),
(861, 166, 5, 2.00, 760.00, '2025-07-13 11:49:24', '2025-07-13 11:49:24'),
(862, 166, 11, 1.00, 80.00, '2025-07-13 11:49:24', '2025-07-13 11:49:24'),
(863, 166, 14, 4.00, 800.00, '2025-07-13 11:49:24', '2025-07-13 11:49:24'),
(864, 166, 17, 4.00, 480.00, '2025-07-13 11:49:24', '2025-07-13 11:49:24'),
(865, 167, 1, 10.00, 900.00, '2025-07-13 11:49:44', '2025-07-13 11:49:44'),
(866, 167, 5, 4.00, 1520.00, '2025-07-13 11:49:44', '2025-07-13 11:49:44'),
(867, 167, 6, 1.00, 240.00, '2025-07-13 11:49:44', '2025-07-13 11:49:44'),
(868, 167, 11, 1.00, 80.00, '2025-07-13 11:49:44', '2025-07-13 11:49:44'),
(869, 167, 2, 1.00, 190.00, '2025-07-13 11:49:44', '2025-07-13 11:49:44'),
(870, 167, 12, 3.00, 225.00, '2025-07-13 11:49:44', '2025-07-13 11:49:44'),
(871, 167, 18, 6.00, 300.00, '2025-07-13 11:49:44', '2025-07-13 11:49:44'),
(872, 167, 4, 1.00, 180.00, '2025-07-13 11:49:44', '2025-07-13 11:49:44'),
(873, 167, 21, 2.00, 220.00, '2025-07-13 11:49:44', '2025-07-13 11:49:44'),
(874, 168, 12, 3.00, 225.00, '2025-07-13 11:49:51', '2025-07-13 11:49:51'),
(875, 168, 21, 1.00, 110.00, '2025-07-13 11:49:51', '2025-07-13 11:49:51'),
(876, 169, 5, 1.00, 380.00, '2025-07-13 11:50:46', '2025-07-13 11:50:46'),
(877, 169, 18, 3.00, 150.00, '2025-07-13 11:50:46', '2025-07-13 11:50:46'),
(878, 170, 21, 2.00, 220.00, '2025-07-13 11:50:52', '2025-07-13 11:50:52'),
(879, 171, 1, 2.00, 180.00, '2025-07-13 11:51:06', '2025-07-13 11:51:06'),
(880, 171, 3, 4.00, 560.00, '2025-07-13 11:51:06', '2025-07-13 11:51:06'),
(881, 171, 8, 1.00, 110.00, '2025-07-13 11:51:06', '2025-07-13 11:51:06'),
(882, 171, 9, 2.00, 110.00, '2025-07-13 11:51:06', '2025-07-13 11:51:06'),
(883, 171, 10, 2.00, 200.00, '2025-07-13 11:51:06', '2025-07-13 11:51:06'),
(884, 171, 14, 2.00, 400.00, '2025-07-13 11:51:06', '2025-07-13 11:51:06'),
(885, 171, 17, 1.00, 120.00, '2025-07-13 11:51:06', '2025-07-13 11:51:06'),
(886, 171, 18, 4.00, 200.00, '2025-07-13 11:51:06', '2025-07-13 11:51:06'),
(887, 172, 3, 1.00, 140.00, '2025-07-13 11:51:33', '2025-07-13 11:51:33'),
(888, 172, 10, 1.00, 100.00, '2025-07-13 11:51:33', '2025-07-13 11:51:33'),
(889, 172, 6, 1.00, 240.00, '2025-07-13 11:51:33', '2025-07-13 11:51:33'),
(890, 173, 4, 2.00, 360.00, '2025-07-13 11:53:08', '2025-07-13 11:53:08'),
(891, 173, 11, 1.00, 80.00, '2025-07-13 11:53:08', '2025-07-13 11:53:08'),
(892, 174, 1, 1.00, 90.00, '2025-07-13 11:53:25', '2025-07-13 11:53:25'),
(893, 174, 3, 1.00, 140.00, '2025-07-13 11:53:25', '2025-07-13 11:53:25'),
(894, 174, 4, 1.00, 180.00, '2025-07-13 11:53:25', '2025-07-13 11:53:25'),
(895, 174, 5, 1.00, 380.00, '2025-07-13 11:53:25', '2025-07-13 11:53:25'),
(896, 174, 7, 2.00, 800.00, '2025-07-13 11:53:25', '2025-07-13 11:53:25'),
(897, 174, 8, 2.00, 220.00, '2025-07-13 11:53:25', '2025-07-13 11:53:25'),
(898, 174, 10, 5.00, 500.00, '2025-07-13 11:53:25', '2025-07-13 11:53:25'),
(899, 174, 11, 2.00, 160.00, '2025-07-13 11:53:25', '2025-07-13 11:53:25'),
(900, 174, 12, 2.00, 150.00, '2025-07-13 11:53:25', '2025-07-13 11:53:25'),
(901, 174, 18, 3.00, 150.00, '2025-07-13 11:53:25', '2025-07-13 11:53:25'),
(902, 175, 1, 1.00, 90.00, '2025-07-13 11:53:49', '2025-07-13 11:53:49'),
(903, 175, 2, 1.00, 190.00, '2025-07-13 11:53:49', '2025-07-13 11:53:49'),
(904, 175, 3, 1.00, 140.00, '2025-07-13 11:53:49', '2025-07-13 11:53:49'),
(905, 176, 2, 1.00, 190.00, '2025-07-13 11:54:04', '2025-07-13 11:54:04'),
(906, 176, 5, 1.00, 380.00, '2025-07-13 11:54:04', '2025-07-13 11:54:04'),
(907, 176, 13, 2.00, 300.00, '2025-07-13 11:54:04', '2025-07-13 11:54:04'),
(908, 177, 3, 1.00, 140.00, '2025-07-13 11:54:13', '2025-07-13 11:54:13'),
(909, 177, 18, 3.00, 150.00, '2025-07-13 11:54:13', '2025-07-13 11:54:13'),
(910, 178, 9, 1.00, 55.00, '2025-07-13 11:55:04', '2025-07-13 11:55:04'),
(911, 178, 17, 2.00, 240.00, '2025-07-13 11:55:04', '2025-07-13 11:55:04'),
(912, 179, 1, 2.00, 180.00, '2025-07-13 11:55:12', '2025-07-13 11:55:12'),
(913, 179, 3, 1.00, 140.00, '2025-07-13 11:55:12', '2025-07-13 11:55:12'),
(914, 179, 7, 2.00, 800.00, '2025-07-13 11:55:12', '2025-07-13 11:55:12'),
(915, 179, 8, 2.00, 220.00, '2025-07-13 11:55:12', '2025-07-13 11:55:12'),
(916, 179, 9, 3.00, 165.00, '2025-07-13 11:55:12', '2025-07-13 11:55:12'),
(917, 179, 10, 3.00, 300.00, '2025-07-13 11:55:12', '2025-07-13 11:55:12'),
(918, 179, 19, 1.00, 240.00, '2025-07-13 11:55:12', '2025-07-13 11:55:12'),
(919, 180, 5, 1.00, 380.00, '2025-07-13 11:55:56', '2025-07-13 11:55:56'),
(920, 180, 6, 1.00, 240.00, '2025-07-13 11:55:56', '2025-07-13 11:55:56'),
(921, 180, 13, 1.00, 150.00, '2025-07-13 11:55:56', '2025-07-13 11:55:56'),
(922, 180, 18, 1.00, 50.00, '2025-07-13 11:55:56', '2025-07-13 11:55:56'),
(923, 181, 10, 2.00, 200.00, '2025-07-13 11:56:07', '2025-07-13 11:56:07'),
(924, 181, 11, 1.00, 80.00, '2025-07-13 11:56:07', '2025-07-13 11:56:07'),
(925, 181, 14, 2.00, 400.00, '2025-07-13 11:56:07', '2025-07-13 11:56:07'),
(926, 182, 1, 2.00, 180.00, '2025-07-13 11:56:49', '2025-07-13 11:56:49'),
(927, 182, 5, 1.00, 380.00, '2025-07-13 11:56:49', '2025-07-13 11:56:49'),
(928, 182, 11, 5.00, 400.00, '2025-07-13 11:56:49', '2025-07-13 11:56:49'),
(929, 182, 13, 5.00, 750.00, '2025-07-13 11:56:49', '2025-07-13 11:56:49'),
(930, 183, 1, 1.00, 90.00, '2025-07-13 11:57:05', '2025-07-13 11:57:05'),
(931, 183, 2, 1.00, 190.00, '2025-07-13 11:57:05', '2025-07-13 11:57:05'),
(932, 183, 3, 1.00, 140.00, '2025-07-13 11:57:05', '2025-07-13 11:57:05'),
(933, 183, 6, 2.00, 480.00, '2025-07-13 11:57:05', '2025-07-13 11:57:05'),
(934, 184, 10, 3.00, 300.00, '2025-07-13 11:57:50', '2025-07-13 11:57:50'),
(935, 185, 9, 3.00, 165.00, '2025-07-13 11:58:29', '2025-07-13 11:58:29'),
(936, 185, 8, 1.00, 110.00, '2025-07-13 11:58:29', '2025-07-13 11:58:29'),
(937, 185, 3, 1.00, 140.00, '2025-07-13 11:58:29', '2025-07-13 11:58:29'),
(938, 185, 7, 2.00, 800.00, '2025-07-13 11:58:29', '2025-07-13 11:58:29'),
(939, 185, 11, 3.00, 240.00, '2025-07-13 11:58:29', '2025-07-13 11:58:29'),
(940, 185, 16, 1.00, 120.00, '2025-07-13 11:58:29', '2025-07-13 11:58:29'),
(941, 185, 18, 1.00, 50.00, '2025-07-13 11:58:29', '2025-07-13 11:58:29'),
(942, 185, 10, 3.00, 300.00, '2025-07-13 11:58:29', '2025-07-13 11:58:29'),
(951, 186, 19, 3.00, 720.00, '2025-07-13 12:00:20', '2025-07-13 12:00:20'),
(952, 186, 12, 2.00, 150.00, '2025-07-13 12:00:20', '2025-07-13 12:00:20'),
(953, 186, 1, 1.00, 90.00, '2025-07-13 12:00:20', '2025-07-13 12:00:20'),
(954, 186, 6, 1.00, 240.00, '2025-07-13 12:00:20', '2025-07-13 12:00:20'),
(955, 186, 8, 2.00, 220.00, '2025-07-13 12:00:20', '2025-07-13 12:00:20'),
(956, 186, 10, 1.00, 100.00, '2025-07-13 12:00:20', '2025-07-13 12:00:20'),
(957, 186, 9, 2.00, 110.00, '2025-07-13 12:00:20', '2025-07-13 12:00:20'),
(958, 186, 7, 1.00, 400.00, '2025-07-13 12:00:20', '2025-07-13 12:00:20'),
(959, 187, 1, 1.00, 90.00, '2025-07-13 12:04:59', '2025-07-13 12:04:59'),
(960, 187, 2, 1.00, 190.00, '2025-07-13 12:04:59', '2025-07-13 12:04:59'),
(961, 187, 3, 4.00, 560.00, '2025-07-13 12:04:59', '2025-07-13 12:04:59'),
(962, 187, 17, 1.00, 120.00, '2025-07-13 12:04:59', '2025-07-13 12:04:59'),
(963, 187, 11, 2.00, 160.00, '2025-07-13 12:04:59', '2025-07-13 12:04:59'),
(964, 187, 20, 2.00, 500.00, '2025-07-13 12:04:59', '2025-07-13 12:04:59'),
(965, 188, 1, 1.00, 90.00, '2025-07-13 12:06:37', '2025-07-13 12:06:37'),
(966, 188, 6, 1.00, 240.00, '2025-07-13 12:06:37', '2025-07-13 12:06:37'),
(967, 188, 8, 1.00, 110.00, '2025-07-13 12:06:37', '2025-07-13 12:06:37'),
(968, 188, 10, 1.00, 100.00, '2025-07-13 12:06:37', '2025-07-13 12:06:37'),
(969, 188, 13, 1.00, 150.00, '2025-07-13 12:06:37', '2025-07-13 12:06:37'),
(970, 189, 2, 1.00, 190.00, '2025-07-13 12:07:20', '2025-07-13 12:07:20'),
(971, 189, 3, 1.00, 140.00, '2025-07-13 12:07:20', '2025-07-13 12:07:20'),
(972, 189, 5, 1.00, 380.00, '2025-07-13 12:07:20', '2025-07-13 12:07:20'),
(973, 189, 6, 1.00, 240.00, '2025-07-13 12:07:20', '2025-07-13 12:07:20'),
(974, 189, 17, 1.00, 120.00, '2025-07-13 12:07:20', '2025-07-13 12:07:20'),
(975, 189, 18, 1.00, 50.00, '2025-07-13 12:07:20', '2025-07-13 12:07:20'),
(976, 189, 12, 2.00, 150.00, '2025-07-13 12:07:20', '2025-07-13 12:07:20'),
(981, 191, 4, 3.00, 540.00, '2025-07-13 12:08:59', '2025-07-13 12:08:59'),
(982, 191, 3, 1.00, 140.00, '2025-07-13 12:08:59', '2025-07-13 12:08:59'),
(983, 191, 1, 5.00, 450.00, '2025-07-13 12:08:59', '2025-07-13 12:08:59'),
(984, 191, 2, 1.00, 190.00, '2025-07-13 12:08:59', '2025-07-13 12:08:59'),
(985, 191, 7, 6.00, 2400.00, '2025-07-13 12:08:59', '2025-07-13 12:08:59'),
(986, 191, 9, 4.00, 220.00, '2025-07-13 12:08:59', '2025-07-13 12:08:59'),
(987, 191, 8, 2.00, 220.00, '2025-07-13 12:08:59', '2025-07-13 12:08:59'),
(988, 191, 10, 1.00, 100.00, '2025-07-13 12:08:59', '2025-07-13 12:08:59'),
(989, 191, 6, 7.00, 1680.00, '2025-07-13 12:08:59', '2025-07-13 12:08:59'),
(990, 191, 11, 2.00, 160.00, '2025-07-13 12:08:59', '2025-07-13 12:08:59'),
(991, 191, 13, 2.00, 300.00, '2025-07-13 12:08:59', '2025-07-13 12:08:59'),
(992, 192, 2, 4.00, 760.00, '2025-07-13 12:09:38', '2025-07-13 12:09:38'),
(993, 193, 2, 9.00, 1710.00, '2025-07-13 12:10:41', '2025-07-13 12:10:41'),
(994, 193, 21, 2.00, 220.00, '2025-07-13 12:10:41', '2025-07-13 12:10:41'),
(995, 193, 7, 3.00, 1200.00, '2025-07-13 12:10:41', '2025-07-13 12:10:41'),
(996, 193, 15, 1.00, 140.00, '2025-07-13 12:10:41', '2025-07-13 12:10:41'),
(997, 193, 18, 1.00, 50.00, '2025-07-13 12:10:41', '2025-07-13 12:10:41'),
(998, 193, 4, 1.00, 180.00, '2025-07-13 12:10:41', '2025-07-13 12:10:41'),
(999, 194, 18, 9.00, 450.00, '2025-07-13 12:11:17', '2025-07-13 12:11:17'),
(1000, 195, 17, 1.00, 120.00, '2025-07-13 12:11:40', '2025-07-13 12:11:40'),
(1001, 195, 6, 2.00, 480.00, '2025-07-13 12:11:40', '2025-07-13 12:11:40'),
(1002, 195, 3, 1.00, 140.00, '2025-07-13 12:11:40', '2025-07-13 12:11:40'),
(1003, 195, 18, 5.00, 250.00, '2025-07-13 12:11:40', '2025-07-13 12:11:40'),
(1004, 195, 11, 1.00, 80.00, '2025-07-13 12:11:40', '2025-07-13 12:11:40'),
(1005, 195, 10, 2.00, 200.00, '2025-07-13 12:11:40', '2025-07-13 12:11:40'),
(1006, 195, 4, 2.00, 360.00, '2025-07-13 12:11:40', '2025-07-13 12:11:40'),
(1007, 196, 3, 2.00, 280.00, '2025-07-13 12:12:27', '2025-07-13 12:12:27'),
(1008, 196, 12, 1.00, 75.00, '2025-07-13 12:12:27', '2025-07-13 12:12:27'),
(1009, 196, 11, 1.00, 80.00, '2025-07-13 12:12:27', '2025-07-13 12:12:27'),
(1010, 197, 5, 2.00, 760.00, '2025-07-13 12:12:41', '2025-07-13 12:12:41'),
(1011, 197, 1, 2.00, 180.00, '2025-07-13 12:12:41', '2025-07-13 12:12:41'),
(1012, 197, 2, 2.00, 380.00, '2025-07-13 12:12:41', '2025-07-13 12:12:41'),
(1013, 197, 3, 1.00, 140.00, '2025-07-13 12:12:41', '2025-07-13 12:12:41'),
(1014, 198, 1, 1.00, 90.00, '2025-07-13 12:13:52', '2025-07-13 12:13:52'),
(1015, 198, 3, 2.00, 280.00, '2025-07-13 12:13:52', '2025-07-13 12:13:52'),
(1016, 198, 11, 5.00, 400.00, '2025-07-13 12:13:52', '2025-07-13 12:13:52'),
(1017, 198, 10, 2.00, 200.00, '2025-07-13 12:13:52', '2025-07-13 12:13:52'),
(1018, 198, 18, 6.00, 300.00, '2025-07-13 12:13:52', '2025-07-13 12:13:52'),
(1019, 198, 7, 1.00, 400.00, '2025-07-13 12:13:52', '2025-07-13 12:13:52'),
(1020, 198, 5, 3.00, 1140.00, '2025-07-13 12:13:52', '2025-07-13 12:13:52'),
(1021, 198, 12, 2.00, 150.00, '2025-07-13 12:13:52', '2025-07-13 12:13:52'),
(1022, 198, 4, 1.00, 180.00, '2025-07-13 12:13:52', '2025-07-13 12:13:52'),
(1023, 199, 1, 4.00, 360.00, '2025-07-13 12:14:10', '2025-07-13 12:14:10'),
(1024, 199, 2, 1.00, 190.00, '2025-07-13 12:14:10', '2025-07-13 12:14:10'),
(1025, 199, 9, 3.00, 165.00, '2025-07-13 12:14:10', '2025-07-13 12:14:10'),
(1026, 199, 10, 3.00, 300.00, '2025-07-13 12:14:10', '2025-07-13 12:14:10'),
(1027, 200, 18, 1.00, 50.00, '2025-07-13 12:14:45', '2025-07-13 12:14:45'),
(1028, 200, 2, 1.00, 190.00, '2025-07-13 12:14:45', '2025-07-13 12:14:45'),
(1029, 200, 10, 1.00, 100.00, '2025-07-13 12:14:45', '2025-07-13 12:14:45'),
(1030, 200, 14, 1.00, 200.00, '2025-07-13 12:14:45', '2025-07-13 12:14:45'),
(1031, 200, 15, 1.00, 140.00, '2025-07-13 12:14:45', '2025-07-13 12:14:45'),
(1037, 190, 1, 4.00, 360.00, '2025-07-13 12:16:20', '2025-07-13 12:16:20'),
(1038, 190, 6, 1.00, 240.00, '2025-07-13 12:16:20', '2025-07-13 12:16:20'),
(1039, 190, 17, 3.00, 360.00, '2025-07-13 12:16:20', '2025-07-13 12:16:20'),
(1040, 190, 18, 3.00, 150.00, '2025-07-13 12:16:20', '2025-07-13 12:16:20'),
(1041, 202, 1, 2.00, 180.00, '2025-07-13 12:16:20', '2025-07-13 12:16:20'),
(1042, 202, 2, 2.00, 380.00, '2025-07-13 12:16:20', '2025-07-13 12:16:20'),
(1043, 202, 11, 2.00, 160.00, '2025-07-13 12:16:20', '2025-07-13 12:16:20'),
(1044, 202, 18, 1.00, 50.00, '2025-07-13 12:16:20', '2025-07-13 12:16:20'),
(1045, 202, 10, 2.00, 200.00, '2025-07-13 12:16:20', '2025-07-13 12:16:20'),
(1046, 203, 5, 1.00, 380.00, '2025-07-13 12:16:46', '2025-07-13 12:16:46'),
(1047, 201, 1, 2.00, 180.00, '2025-07-13 12:16:56', '2025-07-13 12:16:56'),
(1048, 201, 8, 2.00, 220.00, '2025-07-13 12:16:56', '2025-07-13 12:16:56'),
(1049, 201, 9, 2.00, 110.00, '2025-07-13 12:16:56', '2025-07-13 12:16:56'),
(1050, 201, 10, 2.00, 200.00, '2025-07-13 12:16:56', '2025-07-13 12:16:56'),
(1051, 201, 13, 1.00, 150.00, '2025-07-13 12:16:56', '2025-07-13 12:16:56'),
(1052, 201, 11, 1.00, 80.00, '2025-07-13 12:16:56', '2025-07-13 12:16:56'),
(1053, 204, 1, 4.00, 360.00, '2025-07-13 12:18:19', '2025-07-13 12:18:19'),
(1054, 204, 5, 2.00, 760.00, '2025-07-13 12:18:19', '2025-07-13 12:18:19'),
(1055, 204, 7, 10.00, 4000.00, '2025-07-13 12:18:19', '2025-07-13 12:18:19'),
(1056, 204, 8, 5.00, 550.00, '2025-07-13 12:18:19', '2025-07-13 12:18:19'),
(1057, 204, 10, 5.00, 500.00, '2025-07-13 12:18:19', '2025-07-13 12:18:19'),
(1058, 204, 11, 1.00, 80.00, '2025-07-13 12:18:19', '2025-07-13 12:18:19'),
(1059, 204, 18, 1.00, 50.00, '2025-07-13 12:18:19', '2025-07-13 12:18:19'),
(1060, 204, 19, 5.00, 1200.00, '2025-07-13 12:18:19', '2025-07-13 12:18:19'),
(1061, 205, 3, 1.00, 140.00, '2025-07-13 12:18:22', '2025-07-13 12:18:22'),
(1062, 205, 4, 3.00, 540.00, '2025-07-13 12:18:22', '2025-07-13 12:18:22'),
(1063, 205, 17, 2.00, 240.00, '2025-07-13 12:18:22', '2025-07-13 12:18:22'),
(1064, 205, 21, 1.00, 110.00, '2025-07-13 12:18:22', '2025-07-13 12:18:22'),
(1065, 205, 8, 1.00, 110.00, '2025-07-13 12:18:22', '2025-07-13 12:18:22'),
(1066, 206, 2, 1.00, 190.00, '2025-07-13 12:19:58', '2025-07-13 12:19:58'),
(1067, 206, 11, 1.00, 80.00, '2025-07-13 12:19:58', '2025-07-13 12:19:58'),
(1068, 206, 14, 2.00, 400.00, '2025-07-13 12:19:58', '2025-07-13 12:19:58'),
(1069, 206, 17, 1.00, 120.00, '2025-07-13 12:19:58', '2025-07-13 12:19:58'),
(1070, 206, 18, 2.00, 100.00, '2025-07-13 12:19:58', '2025-07-13 12:19:58'),
(1071, 207, 1, 3.00, 270.00, '2025-07-13 12:20:18', '2025-07-13 12:20:18'),
(1072, 207, 10, 4.00, 400.00, '2025-07-13 12:20:18', '2025-07-13 12:20:18'),
(1073, 207, 20, 2.00, 500.00, '2025-07-13 12:20:18', '2025-07-13 12:20:18'),
(1074, 207, 18, 3.00, 150.00, '2025-07-13 12:20:18', '2025-07-13 12:20:18'),
(1075, 207, 7, 2.00, 800.00, '2025-07-13 12:20:18', '2025-07-13 12:20:18'),
(1076, 207, 12, 1.00, 75.00, '2025-07-13 12:20:18', '2025-07-13 12:20:18'),
(1077, 208, 13, 3.00, 450.00, '2025-07-13 12:21:01', '2025-07-13 12:21:01'),
(1078, 208, 18, 10.00, 500.00, '2025-07-13 12:21:01', '2025-07-13 12:21:01'),
(1079, 209, 20, 2.00, 500.00, '2025-07-13 12:22:14', '2025-07-13 12:22:14'),
(1080, 210, 1, 6.00, 540.00, '2025-07-13 12:23:21', '2025-07-13 12:23:21'),
(1081, 210, 3, 2.00, 280.00, '2025-07-13 12:23:21', '2025-07-13 12:23:21'),
(1082, 210, 7, 1.00, 400.00, '2025-07-13 12:23:21', '2025-07-13 12:23:21'),
(1083, 210, 8, 5.00, 550.00, '2025-07-13 12:23:21', '2025-07-13 12:23:21'),
(1084, 210, 9, 2.00, 110.00, '2025-07-13 12:23:21', '2025-07-13 12:23:21'),
(1085, 210, 10, 5.00, 500.00, '2025-07-13 12:23:21', '2025-07-13 12:23:21'),
(1086, 210, 11, 2.00, 160.00, '2025-07-13 12:23:21', '2025-07-13 12:23:21'),
(1087, 210, 18, 4.00, 200.00, '2025-07-13 12:23:21', '2025-07-13 12:23:21'),
(1096, 212, 1, 3.00, 270.00, '2025-07-13 12:24:41', '2025-07-13 12:24:41'),
(1097, 212, 8, 1.00, 110.00, '2025-07-13 12:24:41', '2025-07-13 12:24:41'),
(1098, 212, 10, 1.00, 100.00, '2025-07-13 12:24:41', '2025-07-13 12:24:41'),
(1099, 212, 4, 2.00, 360.00, '2025-07-13 12:24:41', '2025-07-13 12:24:41'),
(1100, 212, 11, 2.00, 160.00, '2025-07-13 12:24:41', '2025-07-13 12:24:41'),
(1101, 213, 6, 2.00, 480.00, '2025-07-13 12:25:55', '2025-07-13 12:25:55'),
(1102, 213, 1, 1.00, 90.00, '2025-07-13 12:25:55', '2025-07-13 12:25:55'),
(1103, 213, 18, 2.00, 100.00, '2025-07-13 12:25:56', '2025-07-13 12:25:56'),
(1104, 214, 1, 1.00, 90.00, '2025-07-13 12:27:20', '2025-07-13 12:27:20'),
(1105, 214, 2, 1.00, 190.00, '2025-07-13 12:27:20', '2025-07-13 12:27:20'),
(1106, 214, 3, 1.00, 140.00, '2025-07-13 12:27:20', '2025-07-13 12:27:20'),
(1107, 214, 4, 1.00, 180.00, '2025-07-13 12:27:20', '2025-07-13 12:27:20'),
(1108, 214, 6, 1.00, 240.00, '2025-07-13 12:27:20', '2025-07-13 12:27:20'),
(1109, 214, 11, 2.00, 160.00, '2025-07-13 12:27:20', '2025-07-13 12:27:20'),
(1110, 214, 17, 1.00, 120.00, '2025-07-13 12:27:20', '2025-07-13 12:27:20'),
(1111, 215, 1, 1.00, 90.00, '2025-07-13 12:29:03', '2025-07-13 12:29:03'),
(1112, 215, 11, 3.00, 240.00, '2025-07-13 12:29:03', '2025-07-13 12:29:03'),
(1113, 215, 5, 2.00, 760.00, '2025-07-13 12:29:03', '2025-07-13 12:29:03'),
(1114, 215, 6, 3.00, 720.00, '2025-07-13 12:29:03', '2025-07-13 12:29:03'),
(1115, 215, 7, 4.00, 1600.00, '2025-07-13 12:29:03', '2025-07-13 12:29:03'),
(1116, 215, 10, 3.00, 300.00, '2025-07-13 12:29:03', '2025-07-13 12:29:03'),
(1117, 215, 14, 4.00, 800.00, '2025-07-13 12:29:03', '2025-07-13 12:29:03'),
(1118, 215, 15, 1.00, 140.00, '2025-07-13 12:29:03', '2025-07-13 12:29:03'),
(1119, 215, 17, 4.00, 480.00, '2025-07-13 12:29:03', '2025-07-13 12:29:03'),
(1120, 215, 18, 2.00, 100.00, '2025-07-13 12:29:03', '2025-07-13 12:29:03'),
(1121, 215, 8, 1.00, 110.00, '2025-07-13 12:29:03', '2025-07-13 12:29:03'),
(1122, 216, 1, 1.00, 90.00, '2025-07-13 12:29:50', '2025-07-13 12:29:50'),
(1123, 216, 2, 1.00, 190.00, '2025-07-13 12:29:50', '2025-07-13 12:29:50'),
(1124, 216, 3, 2.00, 280.00, '2025-07-13 12:29:50', '2025-07-13 12:29:50'),
(1125, 216, 4, 2.00, 360.00, '2025-07-13 12:29:50', '2025-07-13 12:29:50'),
(1126, 216, 5, 2.00, 760.00, '2025-07-13 12:29:50', '2025-07-13 12:29:50'),
(1127, 216, 8, 1.00, 110.00, '2025-07-13 12:29:50', '2025-07-13 12:29:50'),
(1128, 216, 9, 1.00, 55.00, '2025-07-13 12:29:50', '2025-07-13 12:29:50'),
(1129, 216, 11, 1.00, 80.00, '2025-07-13 12:29:50', '2025-07-13 12:29:50'),
(1130, 216, 13, 1.00, 150.00, '2025-07-13 12:29:50', '2025-07-13 12:29:50'),
(1131, 216, 16, 1.00, 120.00, '2025-07-13 12:29:50', '2025-07-13 12:29:50'),
(1132, 216, 17, 1.00, 120.00, '2025-07-13 12:29:50', '2025-07-13 12:29:50'),
(1133, 216, 18, 3.00, 150.00, '2025-07-13 12:29:50', '2025-07-13 12:29:50'),
(1134, 216, 19, 1.00, 240.00, '2025-07-13 12:29:50', '2025-07-13 12:29:50'),
(1135, 217, 11, 1.00, 80.00, '2025-07-13 12:30:26', '2025-07-13 12:30:26'),
(1136, 218, 1, 3.00, 270.00, '2025-07-13 12:31:23', '2025-07-13 12:31:23'),
(1137, 218, 16, 1.00, 120.00, '2025-07-13 12:31:23', '2025-07-13 12:31:23'),
(1138, 218, 18, 3.00, 150.00, '2025-07-13 12:31:23', '2025-07-13 12:31:23'),
(1139, 218, 11, 1.00, 80.00, '2025-07-13 12:31:23', '2025-07-13 12:31:23'),
(1140, 218, 13, 1.00, 150.00, '2025-07-13 12:31:23', '2025-07-13 12:31:23'),
(1141, 219, 2, 1.00, 190.00, '2025-07-13 12:32:24', '2025-07-13 12:32:24'),
(1142, 219, 1, 1.00, 90.00, '2025-07-13 12:32:24', '2025-07-13 12:32:24'),
(1143, 211, 11, 6.00, 480.00, '2025-07-13 12:33:28', '2025-07-13 12:33:28'),
(1144, 211, 4, 2.00, 360.00, '2025-07-13 12:33:28', '2025-07-13 12:33:28'),
(1145, 211, 5, 1.00, 380.00, '2025-07-13 12:33:28', '2025-07-13 12:33:28'),
(1146, 211, 7, 1.00, 400.00, '2025-07-13 12:33:28', '2025-07-13 12:33:28'),
(1147, 211, 1, 2.00, 180.00, '2025-07-13 12:33:28', '2025-07-13 12:33:28'),
(1148, 211, 2, 2.00, 380.00, '2025-07-13 12:33:28', '2025-07-13 12:33:28'),
(1149, 211, 8, 1.00, 110.00, '2025-07-13 12:33:28', '2025-07-13 12:33:28'),
(1150, 211, 10, 2.00, 200.00, '2025-07-13 12:33:28', '2025-07-13 12:33:28'),
(1151, 211, 13, 1.00, 150.00, '2025-07-13 12:33:28', '2025-07-13 12:33:28'),
(1152, 211, 21, 1.00, 110.00, '2025-07-13 12:33:28', '2025-07-13 12:33:28'),
(1153, 211, 18, 5.00, 250.00, '2025-07-13 12:33:28', '2025-07-13 12:33:28'),
(1154, 220, 1, 1.00, 90.00, '2025-07-13 12:34:21', '2025-07-13 12:34:21'),
(1155, 221, 1, 2.00, 180.00, '2025-07-13 12:36:06', '2025-07-13 12:36:06'),
(1156, 221, 2, 2.00, 380.00, '2025-07-13 12:36:06', '2025-07-13 12:36:06'),
(1157, 221, 3, 4.00, 560.00, '2025-07-13 12:36:06', '2025-07-13 12:36:06'),
(1158, 221, 4, 1.00, 180.00, '2025-07-13 12:36:06', '2025-07-13 12:36:06'),
(1159, 221, 18, 17.00, 850.00, '2025-07-13 12:36:06', '2025-07-13 12:36:06'),
(1160, 221, 12, 2.00, 150.00, '2025-07-13 12:36:06', '2025-07-13 12:36:06'),
(1161, 222, 18, 13.00, 650.00, '2025-07-13 12:38:25', '2025-07-13 12:38:25'),
(1162, 223, 1, 1.00, 90.00, '2025-07-13 12:40:57', '2025-07-13 12:40:57'),
(1163, 223, 5, 1.00, 380.00, '2025-07-13 12:40:57', '2025-07-13 12:40:57'),
(1164, 223, 3, 1.00, 140.00, '2025-07-13 12:40:57', '2025-07-13 12:40:57'),
(1165, 223, 11, 2.00, 160.00, '2025-07-13 12:40:57', '2025-07-13 12:40:57'),
(1166, 223, 2, 1.00, 190.00, '2025-07-13 12:40:57', '2025-07-13 12:40:57'),
(1167, 224, 7, 1.00, 400.00, '2025-07-13 12:41:46', '2025-07-13 12:41:46'),
(1176, 226, 5, 2.00, 760.00, '2025-07-13 12:53:51', '2025-07-13 12:53:51'),
(1177, 226, 12, 2.00, 150.00, '2025-07-13 12:53:51', '2025-07-13 12:53:51'),
(1178, 226, 14, 8.00, 1600.00, '2025-07-13 12:53:51', '2025-07-13 12:53:51'),
(1179, 226, 18, 1.00, 50.00, '2025-07-13 12:53:51', '2025-07-13 12:53:51'),
(1180, 227, 1, 2.00, 180.00, '2025-07-13 12:55:35', '2025-07-13 12:55:35'),
(1181, 227, 2, 2.00, 380.00, '2025-07-13 12:55:35', '2025-07-13 12:55:35'),
(1182, 227, 3, 1.00, 140.00, '2025-07-13 12:55:35', '2025-07-13 12:55:35'),
(1183, 227, 4, 2.00, 360.00, '2025-07-13 12:55:35', '2025-07-13 12:55:35'),
(1184, 227, 10, 2.00, 200.00, '2025-07-13 12:55:35', '2025-07-13 12:55:35'),
(1185, 227, 17, 1.00, 120.00, '2025-07-13 12:55:35', '2025-07-13 12:55:35'),
(1186, 227, 20, 1.00, 250.00, '2025-07-13 12:55:35', '2025-07-13 12:55:35'),
(1187, 225, 11, 7.00, 560.00, '2025-07-13 12:59:06', '2025-07-13 12:59:06'),
(1188, 225, 18, 24.00, 1200.00, '2025-07-13 12:59:06', '2025-07-13 12:59:06'),
(1189, 225, 9, 15.00, 825.00, '2025-07-13 12:59:06', '2025-07-13 12:59:06'),
(1190, 225, 13, 9.00, 1350.00, '2025-07-13 12:59:06', '2025-07-13 12:59:06'),
(1191, 225, 8, 1.00, 110.00, '2025-07-13 12:59:06', '2025-07-13 12:59:06'),
(1192, 225, 5, 13.00, 4940.00, '2025-07-13 12:59:06', '2025-07-13 12:59:06'),
(1193, 225, 17, 5.00, 600.00, '2025-07-13 12:59:06', '2025-07-13 12:59:06'),
(1194, 228, 3, 1.00, 140.00, '2025-07-13 13:02:18', '2025-07-13 13:02:18'),
(1195, 229, 1, 4.00, 360.00, '2025-07-19 17:48:19', '2025-07-19 17:48:19'),
(1196, 230, 3, 1.00, 190.00, '2025-09-12 20:22:31', '2025-09-12 20:22:31'),
(1197, 230, 7, 1.00, 400.00, '2025-09-12 20:22:31', '2025-09-12 20:22:31'),
(1198, 231, 3, 1.00, 140.00, '2025-09-12 20:24:18', '2025-09-12 20:24:18'),
(1199, 232, 3, 1.00, 140.00, '2025-09-12 20:25:42', '2025-09-12 20:25:42'),
(1200, 232, 2, 1.00, 190.00, '2025-09-12 20:25:42', '2025-09-12 20:25:42');

-- --------------------------------------------------------

--
-- Table structure for table `tbl_order_hdr`
--

CREATE TABLE `tbl_order_hdr` (
  `order_hdr_id` bigint(20) NOT NULL,
  `order_no` varchar(255) NOT NULL,
  `order_date` date NOT NULL,
  `customer_name` varchar(255) NOT NULL,
  `contact_no` varchar(55) NOT NULL,
  `amount` decimal(10,2) NOT NULL,
  `delivery_charges` int(11) NOT NULL,
  `dry_ice_box_charges` int(11) NOT NULL,
  `other_charges` int(11) NOT NULL,
  `delivery_time` varchar(55) NOT NULL,
  `is_paid` int(1) NOT NULL,
  `paid_date` date NOT NULL,
  `id_delivered` int(1) NOT NULL,
  `delivery_date` date NOT NULL,
  `remarks` text NOT NULL,
  `created_on` datetime NOT NULL,
  `created_by` varchar(55) NOT NULL,
  `modified_on` datetime NOT NULL,
  `modified_by` varchar(55) NOT NULL
) ENGINE=InnoDB DEFAULT CHARSET=utf8mb4 COLLATE=utf8mb4_general_ci;

--
-- Dumping data for table `tbl_order_hdr`
--

INSERT INTO `tbl_order_hdr` (`order_hdr_id`, `order_no`, `order_date`, `customer_name`, `contact_no`, `amount`, `delivery_charges`, `dry_ice_box_charges`, `other_charges`, `delivery_time`, `is_paid`, `paid_date`, `id_delivered`, `delivery_date`, `remarks`, `created_on`, `created_by`, `modified_on`, `modified_by`) VALUES
(1, 'ORD202507050001', '2025-07-05', 'kokila Gala', '9869975679', 2600.00, 0, 0, 0, '', 0, '0000-00-00', 0, '0000-00-00', 'virkrupa near gujarati seva mandal', '2025-07-05 21:11:07', '1', '2025-07-05 21:16:24', '1'),
(2, 'ORD202507050002', '2025-07-05', 'Payal Shah', '9833807270', 1035.00, 0, 0, 0, '', 0, '0000-00-00', 0, '0000-00-00', 'Sagar Nivas, Bhaudaji x Rd, Matunga - 400019', '2025-07-05 21:11:24', '2', '2025-07-05 21:58:38', '2'),
(3, 'ORD202507050003', '2025-07-05', 'kapilaben m shah', '9619027978', 3595.00, 0, 0, 0, '', 0, '0000-00-00', 0, '0000-00-00', 'kirti kunj brahmand wada', '2025-07-05 21:14:04', '1', '2025-07-05 21:14:04', '1'),
(4, 'ORD202507050004', '2025-07-05', 'TEJAS JOBALIA', '9004418877', 1875.00, 0, 0, 0, '', 0, '0000-00-00', 0, '0000-00-00', 'SAGAR NIWAS BHAUDAJI ROAD', '2025-07-05 21:17:45', '1', '2025-07-05 21:30:56', '1'),
(5, 'ORD202507050005', '2025-07-05', 'BINA SHETH', '9819793075', 905.00, 0, 0, 0, '', 0, '0000-00-00', 0, '0000-00-00', 'ASHAR VILA SION', '2025-07-05 21:19:04', '1', '2025-07-05 21:19:04', '1'),
(6, 'ORD202507050006', '2025-07-05', 'NIRAV DOSHI', '9821377236', 1245.00, 0, 0, 0, '', 0, '0000-00-00', 0, '0000-00-00', 'AMBA BHUVAN, LAXMI NARAYAN LANE', '2025-07-05 21:20:39', '1', '2025-07-05 21:20:39', '1'),
(7, 'ORD202507050007', '2025-07-05', 'Sushma Shah', '8369854441', 460.00, 0, 0, 0, '', 0, '0000-00-00', 0, '0000-00-00', 'Sanjay Doshi', '2025-07-05 21:23:28', '2', '2025-07-05 21:23:28', '2'),
(8, 'ORD202507050008', '2025-07-05', 'Nayan Mehta', '9321641826', 1280.00, 0, 0, 0, '', 0, '0000-00-00', 0, '0000-00-00', 'L.S Laxmi Sadan', '2025-07-05 21:28:21', '1', '2025-07-05 21:28:21', '1'),
(9, 'ORD202507050009', '2025-07-05', 'Aarti Doshi', '9821149535', 1065.00, 0, 0, 0, '', 0, '0000-00-00', 0, '0000-00-00', 'Balaji Sadan', '2025-07-05 21:32:04', '2', '2025-07-05 21:32:04', '2'),
(10, 'ORD202507050010', '2025-07-05', 'Ketan Doshi', '9619019006', 1430.00, 0, 0, 0, '', 0, '0000-00-00', 0, '0000-00-00', 'Gupta Niwas, Bhaudaji Road', '2025-07-05 21:33:13', '1', '2025-07-05 21:34:07', '1'),
(11, 'ORD202507050011', '2025-07-05', 'Daksha Shah', '9821149535', 2520.00, 0, 0, 0, '', 0, '0000-00-00', 0, '0000-00-00', 'Balaji Sadan', '2025-07-05 21:33:48', '2', '2025-07-05 21:33:48', '2'),
(12, 'ORD202507050012', '2025-07-05', 'Jai Gosar', '7977896926', 1130.00, 0, 0, 0, '', 0, '0000-00-00', 0, '0000-00-00', 'Moreshwar Building', '2025-07-05 21:35:29', '2', '2025-07-05 21:35:29', '2'),
(13, 'ORD202507050013', '2025-07-05', 'Nikunj Shah', '9820225919', 1780.00, 0, 0, 0, '', 0, '0000-00-00', 0, '0000-00-00', 'Rohit Villa', '2025-07-05 21:49:02', '2', '2025-07-05 21:49:02', '2'),
(14, 'ORD202507050014', '2025-07-05', 'Dhara Gogri', '9833527545', 285.00, 0, 0, 0, '', 0, '0000-00-00', 0, '0000-00-00', 'Vasupujya Derasar', '2025-07-05 21:50:09', '2', '2025-07-05 21:50:09', '2'),
(15, 'ORD202507050015', '2025-07-05', 'Panna Oza', '9892590016', 1120.00, 0, 0, 0, '', 0, '0000-00-00', 0, '0000-00-00', 'Vasupujya Derasar', '2025-07-05 21:51:38', '2', '2025-07-05 21:51:38', '2'),
(16, 'ORD202507050016', '2025-07-05', 'Nikunj Shah', '9820225919', 1550.00, 0, 0, 0, '', 0, '0000-00-00', 0, '0000-00-00', 'Rohit Villa', '2025-07-05 22:01:06', '2', '2025-07-05 22:01:06', '2'),
(17, 'ORD202507050017', '2025-07-05', 'Vishal Vasa', '7208020523', 435.00, 0, 0, 0, '', 0, '0000-00-00', 0, '0000-00-00', 'Maheshwari Bhuvan', '2025-07-05 22:11:01', '2', '2025-07-05 22:11:01', '2'),
(18, 'ORD202507050018', '2025-07-05', 'Rajesh Parikh', '9869003366', 4800.00, 0, 0, 0, '', 0, '0000-00-00', 0, '0000-00-00', 'Mayur Nivas', '2025-07-05 22:22:28', '2', '2025-07-05 22:22:28', '2'),
(19, 'ORD202507050019', '2025-07-05', 'Bina Shah', '9167547026', 2580.00, 0, 0, 0, '', 0, '0000-00-00', 0, '0000-00-00', 'Bhaveshwar Villa,  - Gandhi Market', '2025-07-05 22:30:53', '2', '2025-07-05 22:30:53', '2'),
(20, 'ORD202507060020', '2025-07-06', 'Rajendra Rasiklal Shah', '9821526200', 1845.00, 0, 0, 0, '', 0, '0000-00-00', 0, '0000-00-00', 'Saroj Apartment, Matunga', '2025-07-06 11:27:52', '2', '2025-07-06 11:27:52', '2'),
(21, 'ORD202507060021', '2025-07-06', 'Mansukh Chheda', '9833774696', 1950.00, 0, 0, 0, '', 0, '0000-00-00', 0, '0000-00-00', 'Mahavir Ville', '2025-07-06 11:31:45', '2', '2025-07-06 11:31:45', '2'),
(22, 'ORD202507060022', '2025-07-06', 'Chirag Shah', '9324037503', 2610.00, 0, 0, 0, '', 0, '0000-00-00', 0, '0000-00-00', 'Leela Niwas, TV Parmeshwaram', '2025-07-06 11:32:26', '2', '2025-07-06 11:32:26', '2'),
(23, 'ORD202507060023', '2025-07-06', 'Vishal Doshi ', '9869130538', 700.00, 0, 0, 0, '', 0, '0000-00-00', 0, '0000-00-00', 'Panchsheel Building', '2025-07-06 11:34:14', '2', '2025-07-06 11:34:14', '2'),
(24, 'ORD202507060024', '2025-07-06', 'Vishal Doshi', '9869130538', 1805.00, 0, 0, 0, '', 0, '0000-00-00', 0, '0000-00-00', '', '2025-07-06 11:35:26', '2', '2025-07-06 11:35:26', '2'),
(25, 'ORD202507060025', '2025-07-06', 'Yashwant Jain', '7715099998', 1075.00, 0, 0, 0, '', 0, '0000-00-00', 0, '0000-00-00', 'Siddhey Apartment, Matunga', '2025-07-06 11:36:09', '2', '2025-07-06 11:36:09', '2'),
(26, 'ORD202507060026', '2025-07-06', 'Vishal Doshi ', '9869130538', 3080.00, 0, 0, 0, '', 0, '0000-00-00', 0, '0000-00-00', '', '2025-07-06 11:36:51', '2', '2025-07-06 11:36:51', '2'),
(27, 'ORD202507060027', '2025-07-06', 'Meena Khonda', '9323113572', 1080.00, 0, 0, 0, '', 0, '0000-00-00', 0, '0000-00-00', 'Kanak Kunj, Matunga', '2025-07-06 11:41:32', '2', '2025-07-06 11:41:32', '2'),
(28, 'ORD202507060028', '2025-07-06', 'Nirav Shah', '9820096896', 3160.00, 0, 0, 0, '', 0, '0000-00-00', 0, '0000-00-00', 'Balaji Sadan', '2025-07-06 11:42:08', '2', '2025-07-06 11:42:08', '2'),
(29, 'ORD202507060029', '2025-07-06', 'Payal Shah', '9833807270', 240.00, 0, 0, 0, '', 0, '0000-00-00', 0, '0000-00-00', 'Sagar Nivas', '2025-07-06 11:43:59', '2', '2025-07-06 11:43:59', '2'),
(30, 'ORD202507060030', '2025-07-06', 'Dipti Shah', '9324112553', 430.00, 0, 0, 0, '', 0, '0000-00-00', 0, '0000-00-00', 'Sugee Pawan', '2025-07-06 11:45:20', '2', '2025-07-06 11:45:20', '2'),
(31, 'ORD202507060031', '2025-07-06', 'Hemant Doshi ', '9819052478', 690.00, 0, 0, 0, '', 0, '0000-00-00', 0, '0000-00-00', '', '2025-07-06 11:46:06', '2', '2025-07-06 11:46:06', '2'),
(32, 'ORD202507060032', '2025-07-06', 'Hetal Shah', '9324112553', 430.00, 0, 0, 0, '', 0, '0000-00-00', 0, '0000-00-00', '-', '2025-07-06 11:46:23', '2', '2025-07-06 11:46:23', '2'),
(33, 'ORD202507060033', '2025-07-06', 'Uday Shah', '9892104446', 735.00, 0, 0, 0, '', 0, '0000-00-00', 0, '0000-00-00', '', '2025-07-06 11:47:16', '2', '2025-07-06 11:47:16', '2'),
(34, 'ORD202507060034', '2025-07-06', 'Chandresh Shah', '9324112553', 660.00, 0, 0, 0, '', 0, '0000-00-00', 0, '0000-00-00', 'Sukhi Pawan', '2025-07-06 11:48:10', '2', '2025-07-06 11:48:10', '2'),
(35, 'ORD202507060035', '2025-07-06', 'Manoj S Shah', '9820587567', 1380.00, 0, 0, 0, '', 0, '0000-00-00', 0, '0000-00-00', 'Mahavir Ville', '2025-07-06 11:49:19', '2', '2025-07-06 11:49:19', '2'),
(36, 'ORD202507060036', '2025-07-06', 'Narendra Shah', '9323123524', 1165.00, 0, 0, 0, '', 0, '0000-00-00', 0, '0000-00-00', '', '2025-07-06 11:49:22', '2', '2025-07-06 11:49:22', '2'),
(37, 'ORD202507060037', '2025-07-06', 'Nilesh Mehta', '9322224129', 1215.00, 0, 0, 0, '', 0, '0000-00-00', 0, '0000-00-00', 'Ikebana, Matunga', '2025-07-06 11:50:53', '2', '2025-07-06 11:50:53', '2'),
(38, 'ORD202507060038', '2025-07-06', 'jayesh shah ', '9820935165', 355.00, 0, 0, 0, '', 0, '0000-00-00', 0, '0000-00-00', '', '2025-07-06 11:51:08', '2', '2025-07-06 11:51:08', '2'),
(39, 'ORD202507060039', '2025-07-06', 'Nilesh Mehta', '9322224129', 390.00, 0, 0, 0, '', 0, '0000-00-00', 0, '0000-00-00', 'Ikebana, Matunga', '2025-07-06 11:51:38', '2', '2025-07-06 11:51:38', '2'),
(40, 'ORD202507060040', '2025-07-06', 'Hitesh Doshi', '9833150437', 550.00, 0, 0, 0, '', 0, '0000-00-00', 0, '0000-00-00', 'Anil Kunj', '2025-07-06 11:52:33', '2', '2025-07-06 11:52:33', '2'),
(41, 'ORD202507060041', '2025-07-06', 'nayan Gala', '9821089032', 3350.00, 0, 0, 0, '', 0, '0000-00-00', 0, '0000-00-00', '', '2025-07-06 11:53:00', '2', '2025-07-06 11:53:00', '2'),
(42, 'ORD202507060042', '2025-07-06', 'Binal Gala', '9820086377', 690.00, 0, 0, 0, '', 0, '0000-00-00', 0, '0000-00-00', '', '2025-07-06 11:54:07', '2', '2025-07-06 11:55:22', '2'),
(43, 'ORD202507060043', '2025-07-06', 'Binal Shah', '9833444658', 590.00, 0, 0, 0, '', 0, '0000-00-00', 0, '0000-00-00', '', '2025-07-06 11:55:08', '2', '2025-07-06 11:55:08', '2'),
(44, 'ORD202507060044', '2025-07-06', 'Zaverchand Bhai', '9322280938', 1850.00, 0, 0, 0, '', 0, '0000-00-00', 0, '0000-00-00', 'Viram Mansion', '2025-07-06 11:55:39', '2', '2025-07-06 11:55:39', '2'),
(45, 'ORD202507060045', '2025-07-06', 'Ajit Shah', '8108226628', 1475.00, 0, 0, 0, '', 0, '0000-00-00', 0, '0000-00-00', 'Trustee', '2025-07-06 11:56:54', '2', '2025-07-06 11:59:45', '2'),
(46, 'ORD202507060046', '2025-07-06', 'Deepa Dholan', '8898516909', 2100.00, 0, 0, 0, '', 0, '0000-00-00', 0, '0000-00-00', '', '2025-07-06 11:59:16', '2', '2025-07-06 11:59:16', '2'),
(47, 'ORD202507060047', '2025-07-06', 'Pankaj Savla', '7303388436', 940.00, 0, 0, 0, '', 0, '0000-00-00', 0, '0000-00-00', 'Srinidhi society', '2025-07-06 11:59:17', '2', '2025-07-06 11:59:17', '2'),
(48, 'ORD202507060048', '2025-07-06', 'Sunil mehta', '8369842226', 3640.00, 0, 0, 0, '', 0, '0000-00-00', 0, '0000-00-00', '', '2025-07-06 12:00:38', '2', '2025-07-06 12:00:38', '2'),
(49, 'ORD202507060049', '2025-07-06', 'Ami Shah', '9324112553', 2245.00, 0, 0, 0, '', 0, '0000-00-00', 0, '0000-00-00', 'Sukhee Pawan', '2025-07-06 12:02:43', '2', '2025-07-06 12:02:43', '2'),
(50, 'ORD202507060050', '2025-07-06', 'Jyotsana', '9324112553', 380.00, 0, 0, 0, '', 0, '0000-00-00', 0, '0000-00-00', 'Sukhee Pawan', '2025-07-06 12:03:18', '2', '2025-07-06 12:03:18', '2'),
(51, 'ORD202507060051', '2025-07-06', 'Kulin Modi', '9819381500', 240.00, 0, 0, 0, '', 0, '0000-00-00', 0, '0000-00-00', 'Meru Tower', '2025-07-06 12:04:00', '2', '2025-07-06 12:04:00', '2'),
(52, 'ORD202507060052', '2025-07-06', 'Sonal Shah', '9819275747', 545.00, 0, 0, 0, '', 0, '0000-00-00', 0, '0000-00-00', '', '2025-07-06 12:04:31', '2', '2025-07-06 12:04:31', '2'),
(53, 'ORD202507060053', '2025-07-06', 'Jinesh Shah', '9920488772', 360.00, 0, 0, 0, '', 0, '0000-00-00', 0, '0000-00-00', 'Palai House', '2025-07-06 12:05:03', '2', '2025-07-06 12:05:03', '2'),
(54, 'ORD202507060054', '2025-07-06', 'Hiral Parekh', '9820544618', 4920.00, 0, 0, 0, '', 0, '0000-00-00', 0, '0000-00-00', 'Pratibha, Matunga', '2025-07-06 12:06:49', '2', '2025-07-06 12:06:49', '2'),
(55, 'ORD202507060055', '2025-07-06', 'Hiral Parekh', '9820544618', 1025.00, 0, 0, 0, '', 0, '0000-00-00', 0, '0000-00-00', '-', '2025-07-06 12:07:51', '2', '2025-07-06 12:07:51', '2'),
(56, 'ORD202507060056', '2025-07-06', 'MaltiBen Kothari', '9892009183', 1960.00, 0, 0, 0, '', 0, '0000-00-00', 0, '0000-00-00', '', '2025-07-06 12:07:58', '2', '2025-07-06 12:09:43', '2'),
(57, 'ORD202507060057', '2025-07-06', 'Hiral Parekh', '9820544618', 820.00, 0, 0, 0, '', 0, '0000-00-00', 0, '0000-00-00', '-', '2025-07-06 12:08:36', '2', '2025-07-06 12:08:36', '2'),
(58, 'ORD202507060058', '2025-07-06', 'Yash Mehta', '9324869925', 1010.00, 0, 0, 0, '', 0, '0000-00-00', 0, '0000-00-00', 'Leela Niwas', '2025-07-06 12:09:58', '2', '2025-07-06 12:09:58', '2'),
(59, 'ORD202507060059', '2025-07-06', 'Geeta Ben', '9324869925', 710.00, 0, 0, 0, '', 0, '0000-00-00', 0, '0000-00-00', 'Leela Niwas', '2025-07-06 12:10:36', '2', '2025-07-06 12:16:48', '2'),
(60, 'ORD202507060060', '2025-07-06', 'Urvi kuvadiya', '9892009183', 1985.00, 0, 0, 0, '', 0, '0000-00-00', 0, '0000-00-00', '', '2025-07-06 12:11:18', '2', '2025-07-06 12:11:18', '2'),
(61, 'ORD202507060061', '2025-07-06', 'Dhara Mehta', '9324869925', 920.00, 0, 0, 0, '', 0, '0000-00-00', 0, '0000-00-00', 'Leela Niwas', '2025-07-06 12:11:22', '2', '2025-07-06 12:11:22', '2'),
(62, 'ORD202507060062', '2025-07-06', 'Hemant Vora', '9987571480', 330.00, 0, 0, 0, '', 0, '0000-00-00', 0, '0000-00-00', '', '2025-07-06 12:12:05', '2', '2025-07-06 12:12:30', '2'),
(63, 'ORD202507060063', '2025-07-06', 'Deepal Shah', '8097430519', 3410.00, 0, 0, 0, '', 0, '0000-00-00', 0, '0000-00-00', 'Kirti Kunj', '2025-07-06 12:13:03', '2', '2025-07-06 12:13:03', '2'),
(64, 'ORD202507060064', '2025-07-06', 'Jai Gosar', '7977896926', 400.00, 0, 0, 0, '', 0, '0000-00-00', 0, '0000-00-00', 'Moreshwar', '2025-07-06 12:14:05', '2', '2025-07-06 12:14:05', '2'),
(65, 'ORD202507060065', '2025-07-06', 'Abhishek Khonda', '9820253042', 3355.00, 0, 0, 0, '', 0, '0000-00-00', 0, '0000-00-00', '', '2025-07-06 12:16:14', '2', '2025-07-06 12:16:14', '2'),
(66, 'ORD202507060066', '2025-07-06', 'Kokila Jain', '9820062782', 610.00, 0, 0, 0, '', 0, '0000-00-00', 0, '0000-00-00', 'Hubtown Heaven', '2025-07-06 12:20:05', '2', '2025-07-06 12:20:05', '2'),
(67, 'ORD202507060067', '2025-07-06', 'Ramila S Mehta', '9324088993', 1685.00, 0, 0, 0, '', 0, '0000-00-00', 0, '0000-00-00', '', '2025-07-06 12:20:48', '2', '2025-07-06 12:20:48', '2'),
(68, 'ORD202507060068', '2025-07-06', 'Mukesh Shah', '9594332525', 755.00, 0, 0, 0, '', 0, '0000-00-00', 0, '0000-00-00', 'Mohanlal Mansion', '2025-07-06 12:23:39', '2', '2025-07-06 12:23:39', '2'),
(69, 'ORD202507060069', '2025-07-06', 'Karan shah', '8104802423', 3275.00, 0, 0, 0, '', 0, '0000-00-00', 0, '0000-00-00', '', '2025-07-06 12:23:47', '2', '2025-07-06 12:23:47', '2'),
(70, 'ORD202507060070', '2025-07-06', 'Panna Oza', '9892590016', 200.00, 0, 0, 0, '', 0, '0000-00-00', 0, '0000-00-00', '', '2025-07-06 12:36:20', '2', '2025-07-06 12:36:20', '2'),
(71, 'ORD202507060071', '2025-07-06', 'Ravi Shah', '9821366677', 1260.00, 0, 0, 0, '', 0, '0000-00-00', 0, '0000-00-00', '', '2025-07-06 12:38:55', '2', '2025-07-06 12:39:27', '2'),
(72, 'ORD202507060072', '2025-07-06', 'Vimal Vasa', '9324151500', 735.00, 0, 0, 0, '', 0, '0000-00-00', 0, '0000-00-00', '', '2025-07-06 12:41:38', '2', '2025-07-06 12:41:38', '2'),
(73, 'ORD202507060073', '2025-07-06', 'Neeta Mehta', '9819865965', 1045.00, 0, 0, 0, '', 0, '0000-00-00', 0, '0000-00-00', '', '2025-07-06 12:43:43', '2', '2025-07-12 16:36:10', '1'),
(74, 'ORD202507120074', '2025-07-12', 'SAMEER Sethia', '9870412595', 5325.00, 0, 0, 0, '', 0, '0000-00-00', 0, '0000-00-00', 'Keshav Cottage', '2025-07-12 21:05:09', '2', '2025-07-12 21:05:09', '2'),
(75, 'ORD202507120075', '2025-07-12', 'Narendra Shah', '9322287471', 7650.00, 0, 0, 0, '', 0, '0000-00-00', 0, '0000-00-00', 'Wadala', '2025-07-12 21:06:52', '2', '2025-07-12 21:06:52', '2'),
(76, 'ORD202507120076', '2025-07-12', 'HEENA SAVLA', '9322505056', 360.00, 0, 0, 0, '', 0, '0000-00-00', 0, '0000-00-00', '', '2025-07-12 21:07:59', '2', '2025-07-12 21:07:59', '2'),
(77, 'ORD202507120077', '2025-07-12', 'NIKUNJ SETH', '9833742220', 3020.00, 0, 0, 0, '', 0, '0000-00-00', 0, '0000-00-00', '', '2025-07-12 21:09:37', '2', '2025-07-12 21:09:37', '2'),
(78, 'ORD202507120078', '2025-07-12', 'ANKITA YADAV', '9833588419', 650.00, 0, 0, 0, '', 0, '0000-00-00', 0, '0000-00-00', '', '2025-07-12 21:11:05', '2', '2025-07-12 21:11:05', '2'),
(79, 'ORD202507120079', '2025-07-12', 'MAHENDRA YADAV', '9323816471', 1585.00, 0, 0, 0, '', 0, '0000-00-00', 0, '0000-00-00', '', '2025-07-12 21:12:13', '2', '2025-07-12 21:12:13', '2'),
(80, 'ORD202507120080', '2025-07-12', 'Niraj Chheda', '9821787080', 1190.00, 0, 0, 0, '', 0, '0000-00-00', 0, '0000-00-00', 'Praman Splendor', '2025-07-12 21:13:01', '2', '2025-07-12 21:13:01', '2'),
(81, 'ORD202507120081', '2025-07-12', 'MEENA NAGARIA', '9320227565', 1930.00, 0, 0, 0, '', 0, '0000-00-00', 0, '0000-00-00', '', '2025-07-12 21:13:48', '2', '2025-07-12 21:13:48', '2'),
(82, 'ORD202507120082', '2025-07-12', 'Toral Shah', '9819616212', 870.00, 0, 0, 0, '', 0, '0000-00-00', 0, '0000-00-00', '', '2025-07-12 21:14:23', '2', '2025-07-12 21:14:23', '2'),
(83, 'ORD202507120083', '2025-07-12', 'NAVIN SHAH', '9930690987', 180.00, 0, 0, 0, '', 0, '0000-00-00', 0, '0000-00-00', '', '2025-07-12 21:14:24', '2', '2025-07-12 21:14:24', '2'),
(84, 'ORD202507120084', '2025-07-12', 'Ketul Shah', '7666692221', 2210.00, 0, 0, 0, '', 0, '0000-00-00', 0, '0000-00-00', '', '2025-07-12 21:15:40', '2', '2025-07-12 21:15:40', '2'),
(85, 'ORD202507120085', '2025-07-12', 'DHARMESH VARAIYA', '9920482082', 2355.00, 0, 0, 0, '', 0, '0000-00-00', 0, '0000-00-00', '', '2025-07-12 21:15:52', '2', '2025-07-12 21:15:52', '2'),
(86, 'ORD202507120086', '2025-07-12', 'Nipa Shah', '8097482466', 1640.00, 0, 0, 0, '', 0, '0000-00-00', 0, '0000-00-00', 'Malad', '2025-07-12 21:17:34', '2', '2025-07-12 21:17:34', '2'),
(87, 'ORD202507120087', '2025-07-12', 'HET SHETH - SANJAY DOSHI', '9869734133', 1610.00, 0, 0, 0, '', 0, '0000-00-00', 0, '0000-00-00', '', '2025-07-12 21:20:44', '2', '2025-07-12 21:36:59', '1'),
(88, 'ORD202507120088', '2025-07-12', 'Dilip Maganlal Doshii', '9930798090', 3960.00, 0, 0, 0, '', 0, '0000-00-00', 0, '0000-00-00', '', '2025-07-12 21:21:19', '2', '2025-07-12 21:21:19', '2'),
(89, 'ORD202507120089', '2025-07-12', 'Hitesh Visaria', '7774077553', 770.00, 0, 0, 0, '', 0, '0000-00-00', 0, '0000-00-00', 'Hubtown Heaven', '2025-07-12 21:23:20', '2', '2025-07-12 21:23:20', '2'),
(90, 'ORD202507120090', '2025-07-12', 'Bina Mehta', '7977374901', 1580.00, 0, 0, 0, '', 0, '0000-00-00', 0, '0000-00-00', 'Laxmi Niwas', '2025-07-12 21:26:40', '2', '2025-07-12 21:26:40', '2'),
(91, 'ORD202507120091', '2025-07-12', 'JITENDRA SHAH', '9867982125', 5460.00, 0, 0, 0, '', 0, '0000-00-00', 0, '0000-00-00', '', '2025-07-12 21:27:22', '1', '2025-07-12 21:27:22', '1'),
(92, 'ORD202507120092', '2025-07-12', 'Parul Mehta', '9920488067', 535.00, 0, 0, 0, '', 0, '0000-00-00', 0, '0000-00-00', 'Chandramani', '2025-07-12 21:28:24', '2', '2025-07-12 21:28:24', '2'),
(93, 'ORD202507120093', '2025-07-12', 'MADHUKAR SHAH', '9967610302', 1555.00, 0, 0, 0, '', 0, '0000-00-00', 0, '0000-00-00', '', '2025-07-12 21:29:38', '1', '2025-07-12 21:29:38', '1'),
(94, 'ORD202507120094', '2025-07-12', 'Mina Mehta', '9920488067', 2540.00, 0, 0, 0, '', 0, '0000-00-00', 0, '0000-00-00', 'Chandramani', '2025-07-12 21:30:09', '2', '2025-07-12 21:30:09', '2'),
(95, 'ORD202507120095', '2025-07-12', 'BHARTI SHAH', '9769010833', 430.00, 0, 0, 0, '', 0, '0000-00-00', 0, '0000-00-00', '', '2025-07-12 21:30:26', '1', '2025-07-12 21:30:26', '1'),
(96, 'ORD202507120096', '2025-07-12', 'JYOTI SHAH', '9769010833', 300.00, 0, 0, 0, '', 0, '0000-00-00', 0, '0000-00-00', '', '2025-07-12 21:31:14', '1', '2025-07-12 21:31:14', '1'),
(97, 'ORD202507120097', '2025-07-12', 'PARUL SHAH', '9967610302', 310.00, 0, 0, 0, '', 0, '0000-00-00', 0, '0000-00-00', '', '2025-07-12 21:32:02', '1', '2025-07-12 21:32:02', '1'),
(98, 'ORD202507120098', '2025-07-12', 'Rahul Mehta', '9892562877', 10020.00, 0, 0, 0, '', 0, '0000-00-00', 0, '0000-00-00', 'Versatile Heights', '2025-07-12 21:32:18', '2', '2025-07-12 21:32:18', '2'),
(99, 'ORD202507120099', '2025-07-12', 'Bhavna Shah', '9920488067', 890.00, 0, 0, 0, '', 0, '0000-00-00', 0, '0000-00-00', 'Chandramani', '2025-07-12 21:33:22', '2', '2025-07-12 21:33:22', '2'),
(100, 'ORD202507120100', '2025-07-12', 'NEETA SETHIA', '8082005675', 200.00, 0, 0, 0, '', 0, '0000-00-00', 0, '0000-00-00', '', '2025-07-12 21:33:27', '1', '2025-07-12 21:33:27', '1'),
(101, 'ORD202507120101', '2025-07-12', 'RAJNIKANTH SHAH', '9892768150', 1790.00, 0, 0, 0, '', 0, '0000-00-00', 0, '0000-00-00', '', '2025-07-12 21:34:27', '1', '2025-07-12 21:34:27', '1'),
(102, 'ORD202507120102', '2025-07-12', 'Falguni P', '9867310144', 3660.00, 0, 0, 0, '', 0, '0000-00-00', 0, '0000-00-00', 'Ashirwad', '2025-07-12 21:34:45', '2', '2025-07-12 21:34:45', '2'),
(103, 'ORD202507120103', '2025-07-12', 'Bhakti Udani', '9819714006', 2560.00, 0, 0, 0, '', 0, '0000-00-00', 0, '0000-00-00', 'Midas', '2025-07-12 21:35:47', '2', '2025-07-12 21:35:47', '2'),
(104, 'ORD202507120104', '2025-07-12', 'JYOTI JHAVERI', '9619040681', 940.00, 0, 0, 0, '', 0, '0000-00-00', 0, '0000-00-00', '', '2025-07-12 21:36:21', '1', '2025-07-12 21:36:21', '1'),
(105, 'ORD202507120105', '2025-07-12', 'Ashish Vora', '9322847214', 275.00, 0, 0, 0, '', 0, '0000-00-00', 0, '0000-00-00', 'L.R. Building', '2025-07-12 21:36:47', '2', '2025-07-12 21:36:47', '2'),
(106, 'ORD202507120106', '2025-07-12', 'ARVIND JAIN', '9867123883', 1280.00, 0, 0, 0, '', 0, '0000-00-00', 0, '0000-00-00', '', '2025-07-12 21:38:19', '1', '2025-07-12 21:38:19', '1'),
(107, 'ORD202507120107', '2025-07-12', 'Kiran Doshi', '9969327510', 1435.00, 0, 0, 0, '', 0, '0000-00-00', 0, '0000-00-00', 'Denchal 3 Number , Shankar Mattham', '2025-07-12 21:38:45', '2', '2025-07-12 21:38:45', '2'),
(108, 'ORD202507120108', '2025-07-12', 'NEHA CHHEDA', '9833138989', 630.00, 0, 0, 0, '', 0, '0000-00-00', 0, '0000-00-00', '', '2025-07-12 21:39:24', '1', '2025-07-12 21:39:24', '1'),
(109, 'ORD202507120109', '2025-07-12', 'Kiran Doshi', '9969327510', 930.00, 0, 0, 0, '', 0, '0000-00-00', 0, '0000-00-00', '', '2025-07-12 21:39:26', '2', '2025-07-12 21:39:26', '2'),
(110, 'ORD202507120110', '2025-07-12', ' JYOTSNA MEHTA', '9594585653', 1100.00, 0, 0, 0, '', 0, '0000-00-00', 0, '0000-00-00', '', '2025-07-12 21:40:40', '1', '2025-07-12 21:40:40', '1'),
(111, 'ORD202507120111', '2025-07-12', 'Jyoti Savla', '8879699306', 4180.00, 0, 0, 0, '', 0, '0000-00-00', 0, '0000-00-00', 'Vina Vihar', '2025-07-12 21:41:18', '2', '2025-07-12 21:41:18', '2'),
(112, 'ORD202507120112', '2025-07-12', 'Pinky Furia', '9869734133', 1030.00, 0, 0, 0, '', 0, '0000-00-00', 0, '0000-00-00', 'Sangeet Sagar', '2025-07-12 21:42:35', '2', '2025-07-12 21:42:35', '2'),
(113, 'ORD202507120113', '2025-07-12', 'HEENA PANCHAL', '9833114618', 1115.00, 0, 0, 0, '', 0, '0000-00-00', 0, '0000-00-00', '', '2025-07-12 21:43:35', '1', '2025-07-12 21:43:35', '1'),
(114, 'ORD202507120114', '2025-07-12', 'Ashwin Kuwadia - Sanjay Doshi', '9869734133', 585.00, 0, 0, 0, '', 0, '0000-00-00', 0, '0000-00-00', 'Aatre Aasan', '2025-07-12 21:43:42', '2', '2025-07-12 21:43:42', '2'),
(115, 'ORD202507120115', '2025-07-12', 'Chetan Doshi', '9869734062', 715.00, 0, 0, 0, '', 0, '0000-00-00', 0, '0000-00-00', 'Arham Om', '2025-07-12 21:44:44', '2', '2025-07-12 21:44:44', '2'),
(116, 'ORD202507120116', '2025-07-12', 'VIDHYUT SHAH', '9820214801', 1090.00, 0, 0, 0, '', 0, '0000-00-00', 0, '0000-00-00', '', '2025-07-12 21:44:45', '1', '2025-07-12 21:44:45', '1'),
(117, 'ORD202507120117', '2025-07-12', 'NEHA CHHEDA', '9899138989', 380.00, 0, 0, 0, '', 0, '0000-00-00', 0, '0000-00-00', '', '2025-07-12 21:45:20', '1', '2025-07-12 21:45:20', '1'),
(118, 'ORD202507120118', '2025-07-12', 'Rita Vora', '9320026035', 1030.00, 0, 0, 0, '', 0, '0000-00-00', 0, '0000-00-00', 'Lata Kunj', '2025-07-12 21:46:16', '2', '2025-07-12 21:46:16', '2'),
(119, 'ORD202507120119', '2025-07-12', 'ARUNA M SANGHVI', '7666120460', 800.00, 0, 0, 0, '', 0, '0000-00-00', 0, '0000-00-00', '', '2025-07-12 21:47:14', '1', '2025-07-12 21:47:14', '1'),
(120, 'ORD202507120120', '2025-07-12', 'Jigna Soni', '9967079823', 840.00, 0, 0, 0, '', 0, '0000-00-00', 0, '0000-00-00', 'Krishna Kunj', '2025-07-12 21:47:42', '2', '2025-07-12 21:47:42', '2'),
(121, 'ORD202507120121', '2025-07-12', 'BHAVIK SHAH', '9820341660', 1420.00, 0, 0, 0, '', 0, '0000-00-00', 0, '0000-00-00', '', '2025-07-12 21:48:28', '1', '2025-07-12 21:48:28', '1'),
(122, 'ORD202507120122', '2025-07-12', 'Jigna Shah', '9819090267', 360.00, 0, 0, 0, '', 0, '0000-00-00', 0, '0000-00-00', 'Bhaveshwar Villa', '2025-07-12 21:48:38', '2', '2025-07-12 21:48:38', '2'),
(123, 'ORD202507120123', '2025-07-12', 'Hansa Dhirendra Doshi', '9322235589', 1335.00, 0, 0, 0, '', 0, '0000-00-00', 0, '0000-00-00', 'Landmark Tower', '2025-07-12 21:51:01', '2', '2025-07-12 21:51:01', '2'),
(124, 'ORD202507120124', '2025-07-12', 'MAHENDRA SHAH', '9819055126', 3045.00, 0, 0, 0, '', 0, '0000-00-00', 0, '0000-00-00', '', '2025-07-12 21:51:19', '1', '2025-07-12 21:51:19', '1'),
(125, 'ORD202507120125', '2025-07-12', 'JESIL SHAH', '9820425074', 1790.00, 0, 0, 0, '', 0, '0000-00-00', 0, '0000-00-00', '', '2025-07-12 21:54:04', '1', '2025-07-12 21:57:54', '1'),
(126, 'ORD202507120126', '2025-07-12', 'Hiren Shah', '8879200846', 4390.00, 0, 0, 0, '', 0, '0000-00-00', 0, '0000-00-00', 'Lata Kunj', '2025-07-12 21:54:27', '2', '2025-07-12 21:54:27', '2'),
(127, 'ORD202507120127', '2025-07-12', 'MANSI JINESH VIKAM', '9930442931', 3645.00, 0, 0, 0, '', 0, '0000-00-00', 0, '0000-00-00', '', '2025-07-12 21:56:27', '1', '2025-07-12 21:56:27', '1'),
(128, 'ORD202507120128', '2025-07-12', 'Sanjay Doshi', '9869734133', 705.00, 0, 0, 0, '', 0, '0000-00-00', 0, '0000-00-00', 'Rekha Kunj', '2025-07-12 21:56:41', '2', '2025-07-12 21:56:41', '2'),
(129, 'ORD202507120129', '2025-07-12', 'JINESH VIKAM', '9619554801', 1580.00, 0, 0, 0, '', 0, '0000-00-00', 0, '0000-00-00', '', '2025-07-12 21:57:27', '1', '2025-07-12 21:57:27', '1'),
(130, 'ORD202507120130', '2025-07-12', 'Kinjal  Gandhi', '9773446432', 1790.00, 0, 0, 0, '', 0, '0000-00-00', 0, '0000-00-00', 'Pratibha', '2025-07-12 21:58:48', '2', '2025-07-12 21:58:48', '2'),
(131, 'ORD202507120131', '2025-07-12', 'TEJAS SHAH', '9969070190', 1590.00, 0, 0, 0, '', 0, '0000-00-00', 0, '0000-00-00', '', '2025-07-12 21:58:57', '1', '2025-07-12 21:59:48', '1'),
(132, 'ORD202507120132', '2025-07-12', 'JAI GOSAR', '7977896926', 1180.00, 0, 0, 0, '', 0, '0000-00-00', 0, '0000-00-00', '', '2025-07-12 22:06:12', '1', '2025-07-12 22:06:12', '1'),
(133, 'ORD202507120133', '2025-07-12', 'Nikunj ', '9820225919', 580.00, 0, 0, 0, '', 0, '0000-00-00', 0, '0000-00-00', 'Rohit Villa', '2025-07-12 22:06:38', '2', '2025-07-12 22:06:38', '2'),
(134, 'ORD202507120134', '2025-07-12', 'Nikunj', '9820225919', 720.00, 0, 0, 0, '', 0, '0000-00-00', 0, '0000-00-00', 'Rohit Villa', '2025-07-12 22:08:18', '2', '2025-07-12 22:08:18', '2'),
(135, 'ORD202507120135', '2025-07-12', 'Nikunj', '9820225919', 220.00, 0, 0, 0, '', 0, '0000-00-00', 0, '0000-00-00', 'Rohit Villa', '2025-07-12 22:08:45', '2', '2025-07-12 22:08:45', '2'),
(136, 'ORD202507120136', '2025-07-12', 'Bipin Bhai', '9820100782', 715.00, 0, 0, 0, '', 0, '0000-00-00', 0, '0000-00-00', 'Kalpana Building', '2025-07-12 22:11:00', '2', '2025-07-12 22:11:00', '2'),
(137, 'ORD202507120137', '2025-07-12', 'SHILA JAIN', '9975197819', 1755.00, 0, 0, 0, '', 0, '0000-00-00', 0, '0000-00-00', '', '2025-07-12 22:11:21', '1', '2025-07-12 22:11:21', '1'),
(138, 'ORD202507120138', '2025-07-12', 'SHWETA DOSHI', '9224450852', 760.00, 0, 0, 0, '', 0, '0000-00-00', 0, '0000-00-00', '', '2025-07-12 22:17:11', '1', '2025-07-12 22:17:11', '1'),
(139, 'ORD202507130139', '2025-07-13', 'Shilpa Raju Shah', '7400356595', 1230.00, 0, 0, 0, '', 0, '0000-00-00', 0, '0000-00-00', 'Rohit Villa', '2025-07-13 11:26:55', '2', '2025-07-13 11:26:55', '2'),
(140, 'ORD202507130140', '2025-07-13', 'Dhwani Urvil Shah', '9322158755', 1110.00, 0, 0, 0, '', 0, '0000-00-00', 0, '0000-00-00', 'Rohit Villa', '2025-07-13 11:27:53', '2', '2025-07-13 11:27:53', '2'),
(141, 'ORD202507130141', '2025-07-13', 'Dhiren Sheth', '7021213056', 1050.00, 0, 0, 0, '', 0, '0000-00-00', 0, '0000-00-00', 'Laxmi Sadan', '2025-07-13 11:29:07', '2', '2025-07-13 11:29:07', '2'),
(142, 'ORD202507130142', '2025-07-13', 'Hansa Shah', '9769011238', 1390.00, 0, 0, 0, '', 0, '0000-00-00', 0, '0000-00-00', 'Shanti Sadan', '2025-07-13 11:30:11', '2', '2025-07-13 11:30:11', '2'),
(143, 'ORD202507130143', '2025-07-13', 'Pallavi Shah', '9769011238', 1330.00, 0, 0, 0, '', 0, '0000-00-00', 0, '0000-00-00', 'Shanti Sadan', '2025-07-13 11:31:08', '2', '2025-07-13 11:31:08', '2'),
(144, 'ORD202507130144', '2025-07-13', 'Dinesh Savai', '9892245613', 1780.00, 0, 0, 0, '', 0, '0000-00-00', 0, '0000-00-00', 'Savai Building', '2025-07-13 11:32:51', '2', '2025-07-13 11:32:51', '2'),
(145, 'ORD202507130145', '2025-07-13', 'Ila Gathani', '9833087874', 1100.00, 0, 0, 0, '', 0, '0000-00-00', 0, '0000-00-00', 'Vina Vihar', '2025-07-13 11:34:14', '2', '2025-07-13 11:34:14', '2'),
(146, 'ORD202507130146', '2025-07-13', 'Kirtidas Shah', '9372067530', 720.00, 0, 0, 0, '', 0, '0000-00-00', 0, '0000-00-00', 'Kailash Sadan', '2025-07-13 11:35:34', '2', '2025-07-13 11:35:34', '2'),
(147, 'ORD202507130147', '2025-07-13', 'Shilpa Vira', '9821991395', 825.00, 0, 0, 0, '', 0, '0000-00-00', 0, '0000-00-00', 'Chandrakutir', '2025-07-13 11:37:21', '2', '2025-07-13 11:37:21', '2'),
(148, 'ORD202507130148', '2025-07-13', 'Tom', '9820361101', 1070.00, 0, 0, 0, '', 0, '0000-00-00', 0, '0000-00-00', 'Palai Villa', '2025-07-13 11:38:52', '2', '2025-07-13 11:38:52', '2'),
(149, 'ORD202507130149', '2025-07-13', 'Ragni', '9324626924', 1250.00, 0, 0, 0, '', 0, '0000-00-00', 0, '0000-00-00', 'Sagar Building', '2025-07-13 11:39:39', '2', '2025-07-13 11:39:39', '2'),
(150, 'ORD202507130150', '2025-07-13', 'Kaushika Kubadia', '8928782859', 770.00, 0, 0, 0, '', 0, '0000-00-00', 0, '0000-00-00', 'Annapurna', '2025-07-13 11:41:15', '2', '2025-07-13 11:41:15', '2'),
(151, 'ORD202507130151', '2025-07-13', 'Rita shah', '9322034092', 4270.00, 0, 0, 0, '', 0, '0000-00-00', 0, '0000-00-00', '', '2025-07-13 11:42:35', '1', '2025-07-13 11:42:35', '1'),
(152, 'ORD202507130152', '2025-07-13', 'MANOJ KAKA', '9820587567', 180.00, 0, 0, 0, '', 0, '0000-00-00', 0, '0000-00-00', '', '2025-07-13 11:43:18', '2', '2025-07-13 11:43:18', '2'),
(153, 'ORD202507130153', '2025-07-13', 'Chetna Jain ', '9969651260', 980.00, 0, 0, 0, '', 0, '0000-00-00', 0, '0000-00-00', '', '2025-07-13 11:43:27', '1', '2025-07-13 11:43:27', '1'),
(154, 'ORD202507130154', '2025-07-13', 'Meena Doshi', '8976173550', 2610.00, 0, 0, 0, '', 0, '0000-00-00', 0, '0000-00-00', 'RA Residency, Dadar East', '2025-07-13 11:43:50', '2', '2025-07-13 11:43:50', '2'),
(155, 'ORD202507130155', '2025-07-13', 'Pragnesh Dedhia', '9769427126', 315.00, 0, 0, 0, '', 0, '0000-00-00', 0, '0000-00-00', '', '2025-07-13 11:44:16', '1', '2025-07-13 11:44:16', '1'),
(156, 'ORD202507130156', '2025-07-13', 'Sangita V Doshi', '8976173550', 340.00, 0, 0, 0, '', 0, '0000-00-00', 0, '0000-00-00', 'RA Residency', '2025-07-13 11:44:39', '2', '2025-07-13 11:44:39', '2'),
(157, 'ORD202507130157', '2025-07-13', 'RANJIT BHAI', '9821227747', 4140.00, 0, 0, 0, '', 0, '0000-00-00', 0, '0000-00-00', '', '2025-07-13 11:45:24', '2', '2025-07-13 11:48:46', '2'),
(158, 'ORD202507130158', '2025-07-13', 'Daksha Sanghadia', '9773311339', 900.00, 0, 0, 0, '', 0, '0000-00-00', 0, '0000-00-00', 'Vasant Chambers', '2025-07-13 11:45:45', '2', '2025-07-13 11:45:45', '2'),
(159, 'ORD202507130159', '2025-07-13', 'Harshida Shah', '8080628540', 900.00, 0, 0, 0, '', 0, '0000-00-00', 0, '0000-00-00', '', '2025-07-13 11:45:45', '1', '2025-07-13 11:45:45', '1'),
(160, 'ORD202507130160', '2025-07-13', 'Mahesh Shah', '9619027978', 540.00, 0, 0, 0, '', 0, '0000-00-00', 0, '0000-00-00', 'Kirti Kunj', '2025-07-13 11:46:43', '2', '2025-07-13 11:46:43', '2'),
(161, 'ORD202507130161', '2025-07-13', 'pushpa deddhia', '9969866286', 620.00, 0, 0, 0, '', 0, '0000-00-00', 0, '0000-00-00', '', '2025-07-13 11:46:49', '1', '2025-07-13 11:46:49', '1'),
(162, 'ORD202507130162', '2025-07-13', 'PRATAP BHAI SHAH', '9819893465', 1850.00, 0, 0, 0, '', 0, '0000-00-00', 0, '0000-00-00', '', '2025-07-13 11:47:35', '2', '2025-07-13 11:47:35', '2'),
(163, 'ORD202507130163', '2025-07-13', 'Devanshi Doshi', '9819969339', 520.00, 0, 0, 0, '', 0, '0000-00-00', 0, '0000-00-00', 'Jhaver Villa', '2025-07-13 11:47:38', '2', '2025-07-13 11:47:38', '2'),
(164, 'ORD202507130164', '2025-07-13', 'Tejal Parekh', '8850866144', 460.00, 0, 0, 0, '', 0, '0000-00-00', 0, '0000-00-00', '', '2025-07-13 11:47:41', '1', '2025-07-13 11:47:41', '1'),
(165, 'ORD202507130165', '2025-07-13', 'BHARTIBEN', '9619265267', 1125.00, 0, 0, 0, '', 0, '0000-00-00', 0, '0000-00-00', '', '2025-07-13 11:48:19', '2', '2025-07-13 11:48:19', '2'),
(166, 'ORD202507130166', '2025-07-13', 'Saloni SHah', '9769422287', 2120.00, 0, 0, 0, '', 0, '0000-00-00', 0, '0000-00-00', '', '2025-07-13 11:49:24', '1', '2025-07-13 11:49:24', '1'),
(167, 'ORD202507130167', '2025-07-13', 'Rupal Mehta', '9920732037', 3855.00, 0, 0, 0, '', 0, '0000-00-00', 0, '0000-00-00', 'Vasudev Sadan', '2025-07-13 11:49:44', '2', '2025-07-13 11:49:44', '2'),
(168, 'ORD202507130168', '2025-07-13', 'KIRTIDA SHAH', '9372067530', 335.00, 0, 0, 0, '', 0, '0000-00-00', 0, '0000-00-00', '', '2025-07-13 11:49:51', '2', '2025-07-13 11:49:51', '2'),
(169, 'ORD202507130169', '2025-07-13', 'Yogesh Sheth', '9833627399', 530.00, 0, 0, 0, '', 0, '0000-00-00', 0, '0000-00-00', 'Khosa Nivas', '2025-07-13 11:50:46', '2', '2025-07-13 11:50:46', '2'),
(170, 'ORD202507130170', '2025-07-13', 'POONAM KHONDA', '9819653043', 220.00, 0, 0, 0, '', 0, '0000-00-00', 0, '0000-00-00', '', '2025-07-13 11:50:52', '2', '2025-07-13 11:50:52', '2'),
(171, 'ORD202507130171', '2025-07-13', 'Kaushal Savla', '9773323950', 1880.00, 0, 0, 0, '', 0, '0000-00-00', 0, '0000-00-00', '', '2025-07-13 11:51:06', '1', '2025-07-13 11:51:06', '1'),
(172, 'ORD202507130172', '2025-07-13', 'Chandresh Shah', '9324112553', 480.00, 0, 0, 0, '', 0, '0000-00-00', 0, '0000-00-00', 'Sukhi Pavan', '2025-07-13 11:51:33', '2', '2025-07-13 11:51:33', '2'),
(173, 'ORD202507130173', '2025-07-13', 'Rashmi Sheth', '9821018549', 440.00, 0, 0, 0, '', 0, '0000-00-00', 0, '0000-00-00', 'Sneha Samta', '2025-07-13 11:53:08', '2', '2025-07-13 11:53:08', '2'),
(174, 'ORD202507130174', '2025-07-13', 'Pragnya Sanghvi', '9819423320', 2770.00, 0, 0, 0, '', 0, '0000-00-00', 0, '0000-00-00', '', '2025-07-13 11:53:25', '1', '2025-07-13 11:53:25', '1'),
(175, 'ORD202507130175', '2025-07-13', 'Ranjan Shah', '9820344825', 420.00, 0, 0, 0, '', 0, '0000-00-00', 0, '0000-00-00', 'Guru Nanak Niwas', '2025-07-13 11:53:49', '2', '2025-07-13 11:53:49', '2'),
(176, 'ORD202507130176', '2025-07-13', 'DAMYANTI', '8879800918', 870.00, 0, 0, 0, '', 0, '0000-00-00', 0, '0000-00-00', '', '2025-07-13 11:54:04', '2', '2025-07-13 11:54:04', '2'),
(177, 'ORD202507130177', '2025-07-13', 'Priti Sanghvi', '9819423320', 290.00, 0, 0, 0, '', 0, '0000-00-00', 0, '0000-00-00', '', '2025-07-13 11:54:13', '1', '2025-07-13 11:54:13', '1'),
(178, 'ORD202507130178', '2025-07-13', 'SANGEETA KUBADIYA', '9819423320', 295.00, 0, 0, 0, '', 0, '0000-00-00', 0, '0000-00-00', '', '2025-07-13 11:55:04', '2', '2025-07-13 11:55:04', '2'),
(179, 'ORD202507130179', '2025-07-13', 'Kulin Modi', '9819381500', 2045.00, 0, 0, 0, '', 0, '0000-00-00', 0, '0000-00-00', 'Mehru Tower', '2025-07-13 11:55:12', '2', '2025-07-13 11:55:12', '2'),
(180, 'ORD202507130180', '2025-07-13', 'GEETA VORA', '9819423320', 820.00, 0, 0, 0, '', 0, '0000-00-00', 0, '0000-00-00', '', '2025-07-13 11:55:56', '2', '2025-07-13 11:55:56', '2'),
(181, 'ORD202507130181', '2025-07-13', 'Hina Masni', '9833533669', 680.00, 0, 0, 0, '', 0, '0000-00-00', 0, '0000-00-00', 'Divyamani', '2025-07-13 11:56:07', '2', '2025-07-13 11:56:07', '2'),
(182, 'ORD202507130182', '2025-07-13', 'DAKSHA SANGHVI', '9819423320', 1710.00, 0, 0, 0, '', 0, '0000-00-00', 0, '0000-00-00', '', '2025-07-13 11:56:49', '2', '2025-07-13 11:56:49', '2'),
(183, 'ORD202507130183', '2025-07-13', 'Alpa Parikh', '9833533669', 900.00, 0, 0, 0, '', 0, '0000-00-00', 0, '0000-00-00', 'Divyamani', '2025-07-13 11:57:05', '2', '2025-07-13 11:57:05', '2'),
(184, 'ORD202507130184', '2025-07-13', 'NUTAN DAFTARI', '9920515154', 300.00, 0, 0, 0, '', 0, '0000-00-00', 0, '0000-00-00', '', '2025-07-13 11:57:50', '2', '2025-07-13 11:57:50', '2'),
(185, 'ORD202507130185', '2025-07-13', 'Bhavin Gandhi', '9322126155', 1925.00, 0, 0, 0, '', 0, '0000-00-00', 0, '0000-00-00', 'Tulsi Road', '2025-07-13 11:58:29', '2', '2025-07-13 11:58:29', '2'),
(186, 'ORD202507130186', '2025-07-13', 'KALPANA PRAFUL CHITRODA', '841992910', 2030.00, 0, 0, 0, '', 0, '0000-00-00', 0, '0000-00-00', '', '2025-07-13 11:59:20', '2', '2025-07-13 12:00:20', '2'),
(187, 'ORD202507130187', '2025-07-13', 'Darshana Gada', '9320287151', 1620.00, 0, 0, 0, '', 0, '0000-00-00', 0, '0000-00-00', 'Nirdarshan', '2025-07-13 12:04:59', '2', '2025-07-13 12:04:59', '2'),
(188, 'ORD202507130188', '2025-07-13', 'Vasant Mehta', '9821537212', 690.00, 0, 0, 0, '', 0, '0000-00-00', 0, '0000-00-00', 'Kirti Kunj', '2025-07-13 12:06:37', '2', '2025-07-13 12:06:37', '2'),
(189, 'ORD202507130189', '2025-07-13', 'BHAVNA BEN SHAH', '9322262409', 1270.00, 0, 0, 0, '', 0, '0000-00-00', 0, '0000-00-00', '', '2025-07-13 12:07:20', '2', '2025-07-13 12:07:20', '2'),
(190, 'ORD202507130190', '2025-07-13', 'SIMPLE JAIN', '8097755582', 1110.00, 0, 0, 0, '', 0, '0000-00-00', 0, '0000-00-00', '', '2025-07-13 12:08:46', '2', '2025-07-13 12:16:20', '2'),
(191, 'ORD202507130191', '2025-07-13', 'Neha Shah', '9222360707', 6400.00, 0, 0, 0, '', 0, '0000-00-00', 0, '0000-00-00', 'Dharmashanti Society, Chunnabhatti', '2025-07-13 12:08:59', '2', '2025-07-13 12:08:59', '2'),
(192, 'ORD202507130192', '2025-07-13', 'Ankush Dinesh Shah', '9820935039', 760.00, 0, 0, 0, '', 0, '0000-00-00', 0, '0000-00-00', 'Tata Building', '2025-07-13 12:09:38', '2', '2025-07-13 12:09:38', '2'),
(193, 'ORD202507130193', '2025-07-13', 'BHAVIKA KAPADIA', '8369174200', 3500.00, 0, 0, 0, '', 0, '0000-00-00', 0, '0000-00-00', '', '2025-07-13 12:10:41', '2', '2025-07-13 12:10:41', '2'),
(194, 'ORD202507130194', '2025-07-13', 'BHAVIN GANDHI', '9322126155', 450.00, 0, 0, 0, '', 0, '0000-00-00', 0, '0000-00-00', '', '2025-07-13 12:11:17', '2', '2025-07-13 12:11:17', '2'),
(195, 'ORD202507130195', '2025-07-13', 'Asha Jain', '9819955812', 1630.00, 0, 0, 0, '', 0, '0000-00-00', 0, '0000-00-00', 'Parvati Building', '2025-07-13 12:11:40', '2', '2025-07-13 12:11:40', '2'),
(196, 'ORD202507130196', '2025-07-13', 'Nayan Gala', '9870989032', 435.00, 0, 0, 0, '', 0, '0000-00-00', 0, '0000-00-00', 'Alka Building', '2025-07-13 12:12:27', '2', '2025-07-13 12:12:27', '2'),
(197, 'ORD202507130197', '2025-07-13', 'HARESH MEHTA', '9930732579', 1460.00, 0, 0, 0, '', 0, '0000-00-00', 0, '0000-00-00', '', '2025-07-13 12:12:41', '2', '2025-07-13 12:12:41', '2'),
(198, 'ORD202507130198', '2025-07-13', 'Nupur Gangar', '9870989032', 3140.00, 0, 0, 0, '', 0, '0000-00-00', 0, '0000-00-00', 'Alka Building', '2025-07-13 12:13:52', '2', '2025-07-13 12:13:52', '2'),
(199, 'ORD202507130199', '2025-07-13', 'JAYESH DOSHI', '9821655521', 1015.00, 0, 0, 0, '', 0, '0000-00-00', 0, '0000-00-00', '', '2025-07-13 12:14:10', '2', '2025-07-13 12:14:10', '2'),
(200, 'ORD202507130200', '2025-07-13', 'Jayesh Modi', '9223432943', 680.00, 0, 0, 0, '', 0, '0000-00-00', 0, '0000-00-00', 'Bhagwat Sadan', '2025-07-13 12:14:45', '2', '2025-07-13 12:14:45', '2'),
(201, 'ORD202507130201', '2025-07-13', 'BHAVESH DOSHI', '9821655521', 940.00, 0, 0, 0, '', 0, '0000-00-00', 0, '0000-00-00', '', '2025-07-13 12:15:36', '2', '2025-07-13 12:16:56', '2'),
(202, 'ORD202507130202', '2025-07-13', 'Jigna M Rambhia', '9987036826', 970.00, 0, 0, 0, '', 0, '0000-00-00', 0, '0000-00-00', 'BMC Building, Sion', '2025-07-13 12:16:20', '2', '2025-07-13 12:16:20', '2'),
(203, 'ORD202507130203', '2025-07-13', 'Tom', '9820361101', 380.00, 0, 0, 0, '', 0, '0000-00-00', 0, '0000-00-00', '', '2025-07-13 12:16:46', '2', '2025-07-13 12:16:46', '2'),
(204, 'ORD202507130204', '2025-07-13', 'Arvind Bhai Koradia', '9322249554', 7500.00, 0, 0, 0, '', 0, '0000-00-00', 0, '0000-00-00', '', '2025-07-13 12:18:19', '2', '2025-07-13 12:18:19', '2'),
(205, 'ORD202507130205', '2025-07-13', 'SUNIL SHAH', '9820035715', 1140.00, 0, 0, 0, '', 0, '0000-00-00', 0, '0000-00-00', '', '2025-07-13 12:18:22', '2', '2025-07-13 12:18:22', '2'),
(206, 'ORD202507130206', '2025-07-13', 'KETAN SHAH', '9930712307', 890.00, 0, 0, 0, '', 0, '0000-00-00', 0, '0000-00-00', '', '2025-07-13 12:19:58', '2', '2025-07-13 12:19:58', '2'),
(207, 'ORD202507130207', '2025-07-13', 'Pritesh Variya', '9820606095', 2195.00, 0, 0, 0, '', 0, '0000-00-00', 0, '0000-00-00', 'Vina Vihar', '2025-07-13 12:20:18', '2', '2025-07-13 12:20:18', '2'),
(208, 'ORD202507130208', '2025-07-13', 'BHAVESH VINAVIHAR', '9820688927', 950.00, 0, 0, 0, '', 0, '0000-00-00', 0, '0000-00-00', '', '2025-07-13 12:21:01', '2', '2025-07-13 12:21:01', '2'),
(209, 'ORD202507130209', '2025-07-13', 'Yash Mehta', '8082162212', 500.00, 0, 0, 0, '', 0, '0000-00-00', 0, '0000-00-00', 'Leela Nivas', '2025-07-13 12:22:14', '2', '2025-07-13 12:22:14', '2'),
(210, 'ORD202507130210', '2025-07-13', 'JYOTSNABEN SANGHVI', '9029926464', 2740.00, 0, 0, 0, '', 0, '0000-00-00', 0, '0000-00-00', '', '2025-07-13 12:23:21', '2', '2025-07-13 12:23:21', '2'),
(211, 'ORD202507130211', '2025-07-13', 'Dipak Shah', '9969315138', 3000.00, 0, 0, 0, '', 0, '0000-00-00', 0, '0000-00-00', 'Gupta Niwas', '2025-07-13 12:24:39', '2', '2025-07-13 12:33:28', '2'),
(212, 'ORD202507130212', '2025-07-13', 'LATA DESAI', '9029926464', 1000.00, 0, 0, 0, '', 0, '0000-00-00', 0, '0000-00-00', '', '2025-07-13 12:24:41', '2', '2025-07-13 12:24:41', '2'),
(213, 'ORD202507130213', '2025-07-13', 'BHAVNA SHAH', '9969472854', 670.00, 0, 0, 0, '', 0, '0000-00-00', 0, '0000-00-00', '', '2025-07-13 12:25:55', '2', '2025-07-13 12:25:55', '2'),
(214, 'ORD202507130214', '2025-07-13', 'DIPESH KUBADIA', '9323522970', 1120.00, 0, 0, 0, '', 0, '0000-00-00', 0, '0000-00-00', '', '2025-07-13 12:27:20', '2', '2025-07-13 12:27:20', '2'),
(215, 'ORD202507130215', '2025-07-13', 'Dharini Jayesh Vora', '9022587721', 5340.00, 0, 0, 0, '', 0, '0000-00-00', 0, '0000-00-00', 'Ekta Building', '2025-07-13 12:29:03', '2', '2025-07-13 12:29:03', '2'),
(216, 'ORD202507130216', '2025-07-13', 'NAYNA KUWADIA', '9819741046', 2705.00, 0, 0, 0, '', 0, '0000-00-00', 0, '0000-00-00', '', '2025-07-13 12:29:50', '2', '2025-07-13 12:29:50', '2'),
(217, 'ORD202507130217', '2025-07-13', 'Vikram Shah', '98211101423', 80.00, 0, 0, 0, '', 0, '0000-00-00', 0, '0000-00-00', 'Karmakshetra', '2025-07-13 12:30:26', '2', '2025-07-13 12:30:26', '2'),
(218, 'ORD202507130218', '2025-07-13', 'MEHUL SHAH', '9821167066', 770.00, 0, 0, 0, '', 0, '0000-00-00', 0, '0000-00-00', '', '2025-07-13 12:31:23', '2', '2025-07-13 12:31:23', '2'),
(219, 'ORD202507130219', '2025-07-13', 'HEMA SHAH', '9930561996', 280.00, 0, 0, 0, '', 0, '0000-00-00', 0, '0000-00-00', '', '2025-07-13 12:32:24', '2', '2025-07-13 12:32:24', '2'),
(220, 'ORD202507130220', '2025-07-13', 'VIRAJ MEHTA', '9833081188', 90.00, 0, 0, 0, '', 0, '0000-00-00', 0, '0000-00-00', '', '2025-07-13 12:34:21', '2', '2025-07-13 12:34:21', '2'),
(221, 'ORD202507130221', '2025-07-13', 'Chetan Mehta', '9323342069', 2300.00, 0, 0, 0, '', 0, '0000-00-00', 0, '0000-00-00', '', '2025-07-13 12:36:06', '2', '2025-07-13 12:36:06', '2'),
(222, 'ORD202507130222', '2025-07-13', 'Hiten Doshi', '9867616209', 650.00, 0, 0, 0, '', 0, '0000-00-00', 0, '0000-00-00', '', '2025-07-13 12:38:25', '2', '2025-07-13 12:38:25', '2'),
(223, 'ORD202507130223', '2025-07-13', 'Mansi Rushabh', '9920899246', 960.00, 0, 0, 0, '', 0, '0000-00-00', 0, '0000-00-00', '', '2025-07-13 12:40:57', '2', '2025-07-13 12:40:57', '2'),
(224, 'ORD202507130224', '2025-07-13', 'Payal Shah', '9833807270', 400.00, 0, 0, 0, '', 0, '0000-00-00', 0, '0000-00-00', 'Sagar Nivas', '2025-07-13 12:41:46', '2', '2025-07-13 12:41:46', '2'),
(225, 'ORD202507130225', '2025-07-13', 'Purnima Shah', '9820734581', 9585.00, 0, 0, 0, '', 0, '0000-00-00', 0, '0000-00-00', 'Alankar', '2025-07-13 12:46:21', '2', '2025-07-13 12:59:06', '2'),
(226, 'ORD202507130226', '2025-07-13', 'Ashish Shah', '9321497890', 2560.00, 0, 0, 0, '', 0, '0000-00-00', 0, '0000-00-00', 'Tridhaatu', '2025-07-13 12:53:51', '2', '2025-07-13 12:53:51', '2'),
(227, 'ORD202507130227', '2025-07-13', 'Vikram Shah', '9969340742', 1630.00, 0, 0, 0, '', 0, '0000-00-00', 0, '0000-00-00', 'Kutcchi House', '2025-07-13 12:55:35', '2', '2025-07-13 12:55:35', '2'),
(228, 'ORD202507130228', '2025-07-13', 'Bipin tr', '9820100782', 140.00, 0, 0, 0, '', 1, '0000-00-00', 1, '0000-00-00', '', '2025-07-13 13:02:18', '1', '2025-07-13 13:02:18', '1'),
(229, 'ORD202507190229', '2025-07-19', 'test', '1234567890', 360.00, 0, 0, 0, '', 0, '0000-00-00', 0, '0000-00-00', '', '2025-07-19 17:48:19', '1', '2025-07-19 17:48:19', '1'),
(230, 'ORD202509120230', '2025-09-12', '1', '123456', 850.00, 80, 80, 100, '', 0, '0000-00-00', 0, '0000-00-00', 'resr', '2025-09-12 20:22:31', '1', '2025-09-12 20:22:31', '1'),
(231, 'ORD202509120231', '2025-09-10', '2', '789456123', 340.00, 100, 50, 50, '', 0, '0000-00-00', 0, '0000-00-00', 'okkkkk', '2025-09-12 20:24:18', '1', '2025-09-12 20:24:18', '1'),
(232, 'ORD202509120232', '2025-09-17', '1', '343422', 573.00, 45, 78, 120, 'Morning', 0, '0000-00-00', 0, '0000-00-00', 'fdfdfdd', '2025-09-12 20:25:42', '1', '2025-09-12 20:25:42', '1');

-- --------------------------------------------------------

--
-- Table structure for table `tbl_purchase_dtl`
--

CREATE TABLE `tbl_purchase_dtl` (
  `purchase_dtl_id` bigint(20) NOT NULL,
  `purchase_hdr_id` bigint(20) NOT NULL,
  `item_id` bigint(20) NOT NULL,
  `qty` decimal(10,2) NOT NULL,
  `pkt_price` decimal(10,2) NOT NULL,
  `qty_kg` decimal(10,2) NOT NULL,
  `total_amount` decimal(10,2) NOT NULL,
  `created_on` datetime NOT NULL,
  `modified_on` datetime NOT NULL,
  `purchase_price_per_kg` decimal(10,2) NOT NULL
) ENGINE=InnoDB DEFAULT CHARSET=utf8mb4 COLLATE=utf8mb4_general_ci;

--
-- Dumping data for table `tbl_purchase_dtl`
--

INSERT INTO `tbl_purchase_dtl` (`purchase_dtl_id`, `purchase_hdr_id`, `item_id`, `qty`, `pkt_price`, `qty_kg`, `total_amount`, `created_on`, `modified_on`, `purchase_price_per_kg`) VALUES
(1, 1, 1, 16.00, 0.00, 4.00, 200.00, '2025-07-19 19:39:00', '2025-07-19 19:39:00', 50.00);

-- --------------------------------------------------------

--
-- Table structure for table `tbl_purchase_hdr`
--

CREATE TABLE `tbl_purchase_hdr` (
  `purchase_hdr_id` bigint(20) NOT NULL,
  `purchase_date` date NOT NULL,
  `suppiler_id` bigint(20) NOT NULL,
  `total_purchase_amount` decimal(10,2) NOT NULL,
  `remarks` text NOT NULL,
  `created_on` datetime NOT NULL,
  `created_by` bigint(20) NOT NULL,
  `modified_on` datetime NOT NULL,
  `modified_by` bigint(20) NOT NULL
) ENGINE=InnoDB DEFAULT CHARSET=utf8mb4 COLLATE=utf8mb4_general_ci;

--
-- Dumping data for table `tbl_purchase_hdr`
--

INSERT INTO `tbl_purchase_hdr` (`purchase_hdr_id`, `purchase_date`, `suppiler_id`, `total_purchase_amount`, `remarks`, `created_on`, `created_by`, `modified_on`, `modified_by`) VALUES
(1, '2025-07-19', 1, 200.00, '', '2025-07-19 19:39:00', 1, '2025-07-19 19:39:00', 1);

-- --------------------------------------------------------

--
-- Table structure for table `users`
--

CREATE TABLE `users` (
  `id` int(11) NOT NULL,
  `role_id` int(11) NOT NULL,
  `Code` varchar(255) DEFAULT NULL,
  `username` varchar(50) DEFAULT NULL,
  `title` varchar(50) DEFAULT NULL,
  `first_name` varchar(255) DEFAULT NULL,
  `last_name` varchar(255) DEFAULT NULL,
  `password` varchar(255) DEFAULT NULL,
  `confirm_password` varchar(255) DEFAULT NULL,
  `email` varchar(100) DEFAULT NULL,
  `mobile_no` varchar(255) DEFAULT NULL,
  `isApproved` tinyint(1) DEFAULT NULL,
  `subscription` tinyint(1) DEFAULT NULL,
  `activated` tinyint(1) DEFAULT 1,
  `banned` tinyint(1) DEFAULT 0,
  `ban_reason` varchar(255) DEFAULT NULL,
  `new_password_key` varchar(50) DEFAULT NULL,
  `new_password_requested` datetime DEFAULT NULL,
  `new_email` varchar(100) DEFAULT NULL,
  `new_email_key` varchar(50) DEFAULT NULL,
  `last_ip` varchar(40) NOT NULL,
  `last_login` datetime DEFAULT NULL,
  `created` datetime DEFAULT NULL,
  `modified` timestamp NULL DEFAULT current_timestamp() ON UPDATE current_timestamp()
) ENGINE=InnoDB DEFAULT CHARSET=utf8 COLLATE=utf8_bin;

--
-- Dumping data for table `users`
--

INSERT INTO `users` (`id`, `role_id`, `Code`, `username`, `title`, `first_name`, `last_name`, `password`, `confirm_password`, `email`, `mobile_no`, `isApproved`, `subscription`, `activated`, `banned`, `ban_reason`, `new_password_key`, `new_password_requested`, `new_email`, `new_email_key`, `last_ip`, `last_login`, `created`, `modified`) VALUES
(1, 1, '', 'admin@mantunga_module.com', NULL, 'Matunga', 'Module', '$2a$08$D4hbWrnZ/jHQQVYkP4O/9uLyX5T9DawC5D2AT0Qmtjo7hwz55Po.S', '$2a$08$D4hbWrnZ/jHQQVYkP4O/9uLyX5T9DawC5D2AT0Qmtjo7hwz55Po.S', 'admin@mantunga_module.com', '', NULL, 0, 1, 0, NULL, NULL, NULL, NULL, NULL, '::1', '2025-09-13 19:19:56', NULL, '2025-09-13 13:49:56'),
(26, 2, NULL, 'ramizg.aipl@gmail.com', NULL, 'Ramiz', 'Girach', '$2a$08$OcTNO0/iMIuY9BbGXCtmoOODS9Y.D9D18yeE0gI7frvDF.RqVXfXW', NULL, 'ramizg.aipl@gmail.com', '9624049054', NULL, NULL, 1, 0, NULL, NULL, NULL, NULL, NULL, '::1', '2025-07-05 20:12:16', NULL, '2025-07-05 14:42:16');

-- --------------------------------------------------------

--
-- Table structure for table `user_autologin`
--

CREATE TABLE `user_autologin` (
  `key_id` char(32) NOT NULL,
  `user_id` int(11) NOT NULL DEFAULT 0,
  `user_agent` varchar(150) NOT NULL,
  `last_ip` varchar(40) NOT NULL,
  `last_login` timestamp NOT NULL DEFAULT current_timestamp() ON UPDATE current_timestamp()
) ENGINE=InnoDB DEFAULT CHARSET=utf8 COLLATE=utf8_bin;

--
-- Dumping data for table `user_autologin`
--

INSERT INTO `user_autologin` (`key_id`, `user_id`, `user_agent`, `last_ip`, `last_login`) VALUES
('0ce3fa3ed7053489938f46cf72919f59', 1, 'Mozilla/5.0 (Windows NT 10.0; Win64; x64) AppleWebKit/537.36 (KHTML, like Gecko) Chrome/84.0.4147.135 Safari/537.36 Edg/84.0.522.63', '49.36.6.10', '2020-08-27 11:32:52');

-- --------------------------------------------------------

--
-- Table structure for table `user_profiles`
--

CREATE TABLE `user_profiles` (
  `id` int(11) NOT NULL,
  `user_id` int(11) NOT NULL,
  `country` varchar(20) DEFAULT NULL,
  `website` varchar(255) DEFAULT NULL
) ENGINE=InnoDB DEFAULT CHARSET=utf8 COLLATE=utf8_bin;

--
-- Dumping data for table `user_profiles`
--

INSERT INTO `user_profiles` (`id`, `user_id`, `country`, `website`) VALUES
(1, 1, NULL, NULL),
(2, 4, NULL, NULL),
(3, 5, NULL, NULL),
(4, 6, NULL, NULL),
(5, 7, NULL, NULL),
(6, 8, NULL, NULL),
(7, 9, NULL, NULL),
(8, 10, NULL, NULL),
(9, 11, NULL, NULL),
(10, 12, NULL, NULL),
(11, 13, NULL, NULL),
(12, 14, NULL, NULL),
(13, 15, NULL, NULL),
(14, 16, NULL, NULL),
(15, 17, NULL, NULL),
(16, 18, NULL, NULL),
(17, 19, NULL, NULL),
(18, 20, NULL, NULL),
(19, 21, NULL, NULL),
(20, 22, NULL, NULL),
(21, 23, NULL, NULL),
(22, 24, NULL, NULL),
(23, 25, NULL, NULL),
(24, 26, NULL, NULL),
(25, 27, NULL, NULL),
(26, 28, NULL, NULL),
(27, 29, NULL, NULL),
(28, 30, NULL, NULL),
(29, 31, NULL, NULL),
(30, 33, NULL, NULL),
(31, 41, NULL, NULL),
(32, 43, NULL, NULL),
(33, 45, NULL, NULL),
(34, 46, NULL, NULL),
(35, 47, NULL, NULL),
(36, 49, NULL, NULL),
(37, 57, NULL, NULL),
(38, 58, NULL, NULL),
(39, 59, NULL, NULL),
(40, 61, NULL, NULL),
(41, 2, NULL, NULL),
(42, 3, NULL, NULL),
(43, 4, NULL, NULL),
(44, 5, NULL, NULL),
(45, 6, NULL, NULL),
(46, 2, NULL, NULL),
(47, 3, NULL, NULL),
(48, 4, NULL, NULL),
(49, 5, NULL, NULL),
(50, 6, NULL, NULL),
(51, 7, NULL, NULL),
(52, 8, NULL, NULL),
(53, 9, NULL, NULL),
(54, 10, NULL, NULL),
(55, 11, NULL, NULL),
(56, 12, NULL, NULL),
(57, 13, NULL, NULL),
(58, 14, NULL, NULL),
(59, 15, NULL, NULL),
(60, 16, NULL, NULL),
(61, 17, NULL, NULL),
(62, 18, NULL, NULL);

--
-- Indexes for dumped tables
--

--
-- Indexes for table `ci_sessions`
--
ALTER TABLE `ci_sessions`
  ADD PRIMARY KEY (`session_id`);

--
-- Indexes for table `login_attempts`
--
ALTER TABLE `login_attempts`
  ADD PRIMARY KEY (`id`);

--
-- Indexes for table `tbl_customer`
--
ALTER TABLE `tbl_customer`
  ADD PRIMARY KEY (`customer_id`);

--
-- Indexes for table `tbl_damage_item`
--
ALTER TABLE `tbl_damage_item`
  ADD PRIMARY KEY (`damange_item_id`);

--
-- Indexes for table `tbl_expense`
--
ALTER TABLE `tbl_expense`
  ADD PRIMARY KEY (`expense_id`);

--
-- Indexes for table `tbl_item`
--
ALTER TABLE `tbl_item`
  ADD PRIMARY KEY (`item_id`);

--
-- Indexes for table `tbl_item_stock`
--
ALTER TABLE `tbl_item_stock`
  ADD PRIMARY KEY (`stock_id`);

--
-- Indexes for table `tbl_m_role`
--
ALTER TABLE `tbl_m_role`
  ADD PRIMARY KEY (`RoleID`);

--
-- Indexes for table `tbl_order_dtl`
--
ALTER TABLE `tbl_order_dtl`
  ADD PRIMARY KEY (`order_dtl_id`);

--
-- Indexes for table `tbl_order_hdr`
--
ALTER TABLE `tbl_order_hdr`
  ADD PRIMARY KEY (`order_hdr_id`);

--
-- Indexes for table `tbl_purchase_dtl`
--
ALTER TABLE `tbl_purchase_dtl`
  ADD PRIMARY KEY (`purchase_dtl_id`);

--
-- Indexes for table `tbl_purchase_hdr`
--
ALTER TABLE `tbl_purchase_hdr`
  ADD PRIMARY KEY (`purchase_hdr_id`);

--
-- Indexes for table `users`
--
ALTER TABLE `users`
  ADD PRIMARY KEY (`id`);

--
-- Indexes for table `user_autologin`
--
ALTER TABLE `user_autologin`
  ADD PRIMARY KEY (`key_id`,`user_id`);

--
-- Indexes for table `user_profiles`
--
ALTER TABLE `user_profiles`
  ADD PRIMARY KEY (`id`);

--
-- AUTO_INCREMENT for dumped tables
--

--
-- AUTO_INCREMENT for table `login_attempts`
--
ALTER TABLE `login_attempts`
  MODIFY `id` int(11) NOT NULL AUTO_INCREMENT, AUTO_INCREMENT=26;

--
-- AUTO_INCREMENT for table `tbl_customer`
--
ALTER TABLE `tbl_customer`
  MODIFY `customer_id` bigint(20) NOT NULL AUTO_INCREMENT, AUTO_INCREMENT=3;

--
-- AUTO_INCREMENT for table `tbl_damage_item`
--
ALTER TABLE `tbl_damage_item`
  MODIFY `damange_item_id` bigint(20) NOT NULL AUTO_INCREMENT;

--
-- AUTO_INCREMENT for table `tbl_expense`
--
ALTER TABLE `tbl_expense`
  MODIFY `expense_id` bigint(20) NOT NULL AUTO_INCREMENT, AUTO_INCREMENT=2;

--
-- AUTO_INCREMENT for table `tbl_item`
--
ALTER TABLE `tbl_item`
  MODIFY `item_id` bigint(20) NOT NULL AUTO_INCREMENT, AUTO_INCREMENT=23;

--
-- AUTO_INCREMENT for table `tbl_item_stock`
--
ALTER TABLE `tbl_item_stock`
  MODIFY `stock_id` bigint(20) NOT NULL AUTO_INCREMENT, AUTO_INCREMENT=32;

--
-- AUTO_INCREMENT for table `tbl_m_role`
--
ALTER TABLE `tbl_m_role`
  MODIFY `RoleID` int(11) NOT NULL AUTO_INCREMENT, AUTO_INCREMENT=3;

--
-- AUTO_INCREMENT for table `tbl_order_dtl`
--
ALTER TABLE `tbl_order_dtl`
  MODIFY `order_dtl_id` bigint(20) NOT NULL AUTO_INCREMENT, AUTO_INCREMENT=1201;

--
-- AUTO_INCREMENT for table `tbl_order_hdr`
--
ALTER TABLE `tbl_order_hdr`
  MODIFY `order_hdr_id` bigint(20) NOT NULL AUTO_INCREMENT, AUTO_INCREMENT=233;

--
-- AUTO_INCREMENT for table `tbl_purchase_dtl`
--
ALTER TABLE `tbl_purchase_dtl`
  MODIFY `purchase_dtl_id` bigint(20) NOT NULL AUTO_INCREMENT, AUTO_INCREMENT=2;

--
-- AUTO_INCREMENT for table `tbl_purchase_hdr`
--
ALTER TABLE `tbl_purchase_hdr`
  MODIFY `purchase_hdr_id` bigint(20) NOT NULL AUTO_INCREMENT, AUTO_INCREMENT=2;

--
-- AUTO_INCREMENT for table `users`
--
ALTER TABLE `users`
  MODIFY `id` int(11) NOT NULL AUTO_INCREMENT, AUTO_INCREMENT=27;

--
-- AUTO_INCREMENT for table `user_profiles`
--
ALTER TABLE `user_profiles`
  MODIFY `id` int(11) NOT NULL AUTO_INCREMENT, AUTO_INCREMENT=63;
COMMIT;

/*!40101 SET CHARACTER_SET_CLIENT=@OLD_CHARACTER_SET_CLIENT */;
/*!40101 SET CHARACTER_SET_RESULTS=@OLD_CHARACTER_SET_RESULTS */;
/*!40101 SET COLLATION_CONNECTION=@OLD_COLLATION_CONNECTION */;
